observation_date,PCECTPI
2000-01-01,73.219
2000-04-01,73.568
2000-07-01,74.042
2000-10-01,74.460
2001-01-01,75.012
2001-04-01,75.363
2001-07-01,75.401
2001-10-01,75.432
2002-01-01,75.584
2002-04-01,76.145
2002-07-01,76.539
2002-10-01,76.896
2003-01-01,77.484
2003-04-01,77.562
2003-07-01,78.073
2003-10-01,78.457
2004-01-01,79.062
2004-04-01,79.594
2004-07-01,79.985
2004-10-01,80.669
2005-01-01,81.138
2005-04-01,81.650
2005-07-01,82.532
2005-10-01,83.189
2006-01-01,83.621
2006-04-01,84.355
2006-07-01,84.962
2006-10-01,84.822
2007-01-01,85.597
2007-04-01,86.324
2007-07-01,86.812
2007-10-01,87.694
2008-01-01,88.408
2008-04-01,89.269
2008-07-01,90.221
2008-10-01,88.781
2009-01-01,88.181
2009-04-01,88.532
2009-07-01,89.142
2009-10-01,89.830
2010-01-01,90.177
2010-04-01,90.317
2010-07-01,90.490
2010-10-01,91.070
2011-01-01,91.835
2011-04-01,92.738
2011-07-01,93.167
2011-10-01,93.475
2012-01-01,94.094
2012-04-01,94.321
2012-07-01,94.595
2012-10-01,95.126
2013-01-01,95.459
2013-04-01,95.508
2013-07-01,95.901
2013-10-01,96.254
2014-01-01,96.696
2014-04-01,97.129
2014-07-01,97.394
2014-10-01,97.265
2015-01-01,96.829
2015-04-01,97.312
2015-07-01,97.565
2015-10-01,97.490
2016-01-01,97.538
2016-04-01,98.157
2016-07-01,98.496
2016-10-01,98.947
2017-01-01,99.524
2017-04-01,99.724
2017-07-01,100.076
2017-10-01,100.676
2018-01-01,101.380
2018-04-01,101.912
2018-07-01,102.254
2018-10-01,102.642
2019-01-01,102.851
2019-04-01,103.426
2019-07-01,103.675
2019-10-01,104.083
2020-01-01,104.445
2020-04-01,104.017
2020-07-01,104.835
2020-10-01,105.369
2021-01-01,106.567
2021-04-01,108.184
2021-07-01,109.655
2021-10-01,111.484
2022-01-01,113.582
2022-04-01,115.658
2022-07-01,116.986
2022-10-01,118.176
2023-01-01,119.308
2023-04-01,120.190
2023-07-01,120.999
2023-10-01,121.546
2024-01-01,122.622
2024-04-01,123.409
2024-07-01,123.930
2024-10-01,124.703
2025-01-01,125.759
2025-04-01,126.424
2025-07-01,127.293
2025-10-01,128.200
