,Date,Open,price_with_put,SPY
0,2022-01-03 00:00:00-05:00,100.0,100.0,100.0
1,2022-01-04 00:00:00-05:00,101.11384345910945,101.03228329354552,100.6130546614053
2,2022-01-05 00:00:00-05:00,102.2466711642742,102.09739883281924,100.18055197649844
3,2022-01-06 00:00:00-05:00,100.5085649827786,100.61331020189654,98.23430966816764
4,2022-01-07 00:00:00-05:00,100.57498889150682,100.68708209032846,98.24689536707903
5,2022-01-10 00:00:00-05:00,99.27565487023226,99.655028272512,97.1446573304494
6,2022-01-11 00:00:00-05:00,99.99370310519204,100.22316480843028,97.67582604404704
7,2022-01-12 00:00:00-05:00,101.2659769502195,101.4025607915422,99.01112781387894
8,2022-01-13 00:00:00-05:00,101.30202669972536,101.41205325991533,99.13710095932414
9,2022-01-14 00:00:00-05:00,99.21267858007252,99.76022334908724,96.82763711732956
10,2022-01-18 00:00:00-05:00,99.72792865007597,100.39868658609304,96.52320271168183
11,2022-01-19 00:00:00-05:00,100.0467064876626,100.76978644816812,96.1851770349188
12,2022-01-20 00:00:00-05:00,98.85616195613946,99.86451198144933,95.26559672134792
13,2022-01-21 00:00:00-05:00,97.48935423747508,99.06699081740548,93.54607253823946
14,2022-01-24 00:00:00-05:00,95.02126215797016,97.1575902589361,90.7054540490461
15,2022-01-25 00:00:00-05:00,95.75734127944368,98.03128608154375,90.92169364847678
16,2022-01-26 00:00:00-05:00,98.79973019781444,100.27766740556554,92.52992731363835
17,2022-01-27 00:00:00-05:00,99.70214544422436,100.74944159284476,92.01342713035228
18,2022-01-28 00:00:00-05:00,97.93419967040406,99.72204424187612,90.8419034658728
19,2022-01-31 00:00:00-05:00,99.45649824724354,100.60694983613593,92.6390961729815
20,2022-02-01 00:00:00-05:00,101.90996031050928,102.37637414119963,94.62104007811254
21,2022-02-02 00:00:00-05:00,103.5693032606194,103.82847405958556,95.63301383293036
22,2022-02-03 00:00:00-05:00,103.27711075703084,103.59642683079326,94.67773123366142
23,2022-02-04 00:00:00-05:00,102.4402147605437,103.13192100279292,93.71194343767984
24,2022-02-07 00:00:00-05:00,103.45959590918376,103.85903481440816,94.37539558450324
25,2022-02-08 00:00:00-05:00,103.99781400587406,104.41572224593448,93.7917370024416
26,2022-02-09 00:00:00-05:00,104.6591997313989,104.77315039369772,95.57421236749524
27,2022-02-10 00:00:00-05:00,103.50329320940216,103.75552108273531,94.75960066826504
28,2022-02-11 00:00:00-05:00,103.01445954311605,103.31830325497153,94.35440288192795
29,2022-02-14 00:00:00-05:00,102.03309101468294,102.71568632921137,92.36197393613143
30,2022-02-15 00:00:00-05:00,101.55042724749671,101.88670804961836,93.161877754828
31,2022-02-16 00:00:00-05:00,103.06888530644294,103.18880338250248,93.20386605028582
32,2022-02-17 00:00:00-05:00,102.83094645439894,102.97804899152143,93.05478609569757
33,2022-02-18 00:00:00-05:00,101.8203312486582,102.2192479515523,91.81818145146714
34,2022-02-22 00:00:00-05:00,102.23398460080372,102.6470457653188,90.67604695558931
35,2022-02-23 00:00:00-05:00,101.269192058235,101.59775191029748,90.8377090375152
36,2022-02-24 00:00:00-05:00,99.85178821772772,101.1026673940108,86.29435699652679
37,2022-02-25 00:00:00-05:00,101.56642316051509,101.82962637418883,90.19735376194936
38,2022-02-28 00:00:00-05:00,103.05497237570228,103.20561781964405,90.7054443913506
39,2022-03-01 00:00:00-05:00,105.51269709070948,105.55684634507524,91.33738108988044
40,2022-03-02 00:00:00-05:00,106.27712722389356,106.47644578318058,90.77682215833418
41,2022-03-03 00:00:00-05:00,107.2445602239722,107.0798449306848,92.47743725278076
42,2022-03-04 00:00:00-05:00,107.46513965438449,107.3283841341868,90.64665062564578
43,2022-03-07 00:00:00-05:00,109.75317331904024,109.53078824570268,90.60466979560876
44,2022-03-08 00:00:00-05:00,109.57276798769244,109.80724528603034,88.09992828111021
45,2022-03-09 00:00:00-05:00,107.23136769334964,107.08812746080582,89.25886535817791
46,2022-03-10 00:00:00-05:00,107.70083193575913,107.57687297112224,88.70879935432703
47,2022-03-11 00:00:00-05:00,107.58270291202312,107.33270457663674,89.88452445387101
48,2022-03-14 00:00:00-04:00,106.69775605441632,106.6776500090161,88.36657378601443
49,2022-03-15 00:00:00-04:00,105.00886540344986,104.98478332788686,88.13143219321024
50,2022-03-16 00:00:00-04:00,105.99027381988596,105.57872963179022,90.2561435595799
51,2022-03-17 00:00:00-04:00,106.1266599692851,105.6195473154694,91.03296190118732
52,2022-03-18 00:00:00-04:00,107.5221463934866,106.9921086677882,92.24452870724993
53,2022-03-21 00:00:00-04:00,108.62486055401286,108.01927590963756,93.57975138778146
54,2022-03-22 00:00:00-04:00,109.7035048565813,109.10395777634396,93.89987780161248
55,2022-03-23 00:00:00-04:00,110.52060100205787,109.8909479862831,94.1210204617659
56,2022-03-24 00:00:00-04:00,110.73528036633124,110.1019236115839,93.9167192348273
57,2022-03-25 00:00:00-04:00,112.3965883294491,111.73258580127458,95.01607293278605
58,2022-03-28 00:00:00-04:00,112.45143390779278,111.78463171622823,95.20563423728376
59,2022-03-29 00:00:00-04:00,111.7661083747064,111.09849603070458,96.88202782472742
60,2022-03-30 00:00:00-04:00,112.7291989503471,112.06156527959396,96.94940634291368
61,2022-03-31 00:00:00-04:00,112.28922642348556,111.62159259474886,96.43345001065626
62,2022-04-01 00:00:00-04:00,111.72168932931608,111.0540480467964,95.46887647096388
63,2022-04-01 00:00:00-04:00,111.72167657742452,111.0540480467964,95.46887647096388
64,2022-04-04 00:00:00-04:00,112.44912992079632,111.6780182234412,95.43096732248384
65,2022-04-05 00:00:00-04:00,112.58857651006215,111.78592569630166,95.87112820898882
66,2022-04-06 00:00:00-04:00,110.87785615941604,110.29474988474588,94.11680092719166
67,2022-04-07 00:00:00-04:00,111.49220332673497,110.88055723975884,93.84301283589134
68,2022-04-08 00:00:00-04:00,112.75024204747209,112.09311148546436,94.34424057880612
69,2022-04-11 00:00:00-04:00,111.75371612300404,111.29685490914042,93.53132072107492
70,2022-04-12 00:00:00-04:00,112.05644437076424,111.50123485593087,93.31439459883256
71,2022-04-13 00:00:00-04:00,112.4052219445488,111.8836723011407,92.25084526525856
72,2022-04-14 00:00:00-04:00,113.01802801285248,112.35915345253852,93.41336321718904
73,2022-04-18 00:00:00-04:00,111.7553017631459,111.37706344387182,91.99391439747724
74,2022-04-19 00:00:00-04:00,111.642221504861,111.146398846277,92.21504438557008
75,2022-04-20 00:00:00-04:00,112.9062105278634,112.12829582632074,94.12312897925864
76,2022-04-21 00:00:00-04:00,112.70338412010535,111.97550741163288,94.46430419014368
77,2022-04-22 00:00:00-04:00,109.83224581810784,109.40754623464306,92.0149706858222
78,2022-04-25 00:00:00-04:00,107.39539890767612,107.2268931792468,89.22655935204
79,2022-04-26 00:00:00-04:00,108.10529234801668,107.78394371308796,89.68146556196848
80,2022-04-27 00:00:00-04:00,106.45220495941618,106.6170729034794,87.87240419529283
81,2022-04-28 00:00:00-04:00,108.1506566449255,108.03226060853042,88.93594251185918
82,2022-04-29 00:00:00-04:00,109.63402578298825,109.3440908066917,89.2097281716382
83,2022-05-02 00:00:00-04:00,106.38887104484373,106.48561706433112,86.7835733748241
84,2022-05-03 00:00:00-04:00,107.88998227286118,107.5854713935246,87.4027423656541
85,2022-05-04 00:00:00-04:00,109.51290426119353,109.04644250536376,87.83869547669646
86,2022-05-05 00:00:00-04:00,111.9150302475408,111.2735405413213,89.41190271938578
87,2022-05-06 00:00:00-04:00,109.77481055173092,109.46983994097327,86.5792736852375
88,2022-05-09 00:00:00-04:00,109.39417466067285,109.14505560921071,85.31565119620832
89,2022-05-10 00:00:00-04:00,107.82821879120168,107.57526439263178,85.18719760697475
90,2022-05-11 00:00:00-04:00,107.24992420930457,107.122767301761,83.83512671912678
91,2022-05-12 00:00:00-04:00,106.35523377580678,106.6203928998534,82.00286408021975
92,2022-05-13 00:00:00-04:00,107.82710050863852,107.79304262958291,83.5486931049578
93,2022-05-16 00:00:00-04:00,108.97818630138931,108.69440074217806,84.2373746804832
94,2022-05-17 00:00:00-04:00,111.30102291338127,110.78916557581606,85.61682092677671
95,2022-05-18 00:00:00-04:00,111.57650193291713,111.09668848099544,84.97869868827274
96,2022-05-19 00:00:00-04:00,106.79761087051575,106.92464732528464,81.84490940135676
97,2022-05-20 00:00:00-04:00,107.4232650475044,107.54800431818664,82.81998831087904
98,2022-05-23 00:00:00-04:00,106.55561380386928,107.41442937711273,82.73154611234945
99,2022-05-24 00:00:00-04:00,107.476108799232,108.13649657502089,82.6746899434796
100,2022-05-25 00:00:00-04:00,108.64998346843714,109.45938840224436,82.62203567568731
101,2022-05-26 00:00:00-04:00,109.98519943387976,110.59607443394816,83.96148948030596
102,2022-05-27 00:00:00-04:00,112.22288507554411,111.81048295954524,85.90745474310721
103,2022-05-31 00:00:00-04:00,114.18721057947836,113.37346154818192,87.09526440250713
104,2022-06-01 00:00:00-04:00,113.5303670786715,112.71323669958382,87.43644085006336
105,2022-06-02 00:00:00-04:00,112.82948085744208,112.13214734603412,86.22547463226608
106,2022-06-03 00:00:00-04:00,112.54531387690298,111.79914928029034,86.85306723734547
107,2022-06-06 00:00:00-04:00,113.76384077328896,112.92570486615558,87.35431680863094
108,2022-06-07 00:00:00-04:00,112.61089230352104,111.9713072687993,85.94747672441552
109,2022-06-08 00:00:00-04:00,115.59227169250492,114.74596041604536,87.1752850691568
110,2022-06-09 00:00:00-04:00,114.43173413660097,113.72003213742111,86.20862943388187
111,2022-06-10 00:00:00-04:00,111.5905916287279,111.212940078174,83.16329612116142
112,2022-06-13 00:00:00-04:00,107.66502207162829,108.13917433887964,79.9979160954178
113,2022-06-14 00:00:00-04:00,107.46762968774064,108.02906628211603,79.36610848879995
114,2022-06-15 00:00:00-04:00,106.88108039791184,107.21795933243745,79.47349520147797
115,2022-06-16 00:00:00-04:00,104.13420832898608,105.0821131981266,78.03086078706073
116,2022-06-17 00:00:00-04:00,102.52699306412158,104.19657530274044,77.31037441402684
117,2022-06-21 00:00:00-04:00,103.14054668563904,103.90921906370733,78.65983721335418
118,2022-06-22 00:00:00-04:00,102.8452764424477,103.92094829677134,78.39120362709187
119,2022-06-23 00:00:00-04:00,104.20415611039569,104.94679378169462,79.66452322533344
120,2022-06-24 00:00:00-04:00,104.2974959943229,104.86815772171668,80.67131226081605
121,2022-06-27 00:00:00-04:00,105.74929638827022,105.70647758760738,82.7124276941331
122,2022-06-28 00:00:00-04:00,107.05206526209538,107.13308731328412,82.53898516273533
123,2022-06-29 00:00:00-04:00,106.18925600976834,107.27393644249518,80.63538090967768
124,2022-06-30 00:00:00-04:00,103.15350693362046,104.67093259221856,79.5799091330198
125,2022-07-01 00:00:00-04:00,103.69852208766514,105.71355363800345,79.64759480211923
126,2022-07-01 00:00:00-04:00,103.6985150682037,105.71355363800345,79.64759480211923
127,2022-07-05 00:00:00-04:00,102.8777414214142,104.93735532399512,79.50376788199192
128,2022-07-06 00:00:00-04:00,102.31445388266866,104.4689621102266,80.82150270345454
129,2022-07-07 00:00:00-04:00,103.772703805332,105.72893236799156,81.45814371505416
130,2022-07-08 00:00:00-04:00,104.58500965004184,106.4488108708788,81.91290721950628
131,2022-07-11 00:00:00-04:00,103.52820687282092,105.48199133793293,81.61256868726014
132,2022-07-12 00:00:00-04:00,102.97350627495872,104.98427726163774,81.14723364851854
133,2022-07-13 00:00:00-04:00,101.03790751454504,103.26237332070652,79.33879322983569
134,2022-07-14 00:00:00-04:00,100.35619445857816,102.74320110794332,79.02363069118054
135,2022-07-15 00:00:00-04:00,102.77153339997932,104.84059925550588,80.9145620712497
136,2022-07-18 00:00:00-04:00,103.6805860736668,105.67341118566368,82.14768053436065
137,2022-07-19 00:00:00-04:00,101.9196647829347,104.38816353079947,81.66120256490468
138,2022-07-20 00:00:00-04:00,103.93934603291848,106.0358722825678,83.0127876093555
139,2022-07-21 00:00:00-04:00,104.09509482000212,106.14626229636434,83.37023148004826
140,2022-07-22 00:00:00-04:00,105.14148729060553,107.04554447812777,84.37705028820794
141,2022-07-25 00:00:00-04:00,104.45757025257063,106.41526098753874,83.70654741089405
142,2022-07-26 00:00:00-04:00,106.16311100814696,107.9520669819518,83.30256036102146
143,2022-07-27 00:00:00-04:00,105.86805924226324,107.69107597667622,83.41253546071336
144,2022-07-28 00:00:00-04:00,107.50135977993702,109.26203432333077,85.00525048991881
145,2022-07-29 00:00:00-04:00,109.0872996275279,110.7217588531302,86.20875215010643
146,2022-08-01 00:00:00-04:00,109.92491143439608,111.43202792419652,86.54083424553835
147,2022-08-02 00:00:00-04:00,110.38186260921962,111.84158100560768,86.53448257628375
148,2022-08-03 00:00:00-04:00,110.19200273813615,111.6560042897843,86.78407889669971
149,2022-08-04 00:00:00-04:00,109.50540473099504,111.00310133949334,87.64492477071734
150,2022-08-05 00:00:00-04:00,107.2957361934479,108.91412792686135,86.64871991328252
151,2022-08-08 00:00:00-04:00,108.0294782040354,109.59309511980138,87.8310689078732
152,2022-08-09 00:00:00-04:00,108.0447373731484,109.56308421238052,87.19018582709062
153,2022-08-10 00:00:00-04:00,109.01920916423352,110.51441482620932,88.57771816908489
154,2022-08-11 00:00:00-04:00,110.1021108972342,111.60766129567456,89.46818915072002
155,2022-08-12 00:00:00-04:00,110.12089864137936,111.60185453988336,89.26512996131362
156,2022-08-15 00:00:00-04:00,110.37524910559227,111.79934878718365,89.84467349560413
157,2022-08-16 00:00:00-04:00,111.68100599710758,113.0686304794969,90.47075433179302
158,2022-08-17 00:00:00-04:00,110.6041433337105,112.00454166632043,90.08580437787376
159,2022-08-18 00:00:00-04:00,111.7889002588884,113.1547041005036,90.2867450719283
160,2022-08-19 00:00:00-04:00,112.31451827584364,113.67835315695778,89.88909309603105
161,2022-08-22 00:00:00-04:00,111.45773759502744,112.80775079022672,88.21178817415846
162,2022-08-23 00:00:00-04:00,111.12309428352484,112.48179090515148,87.33401739174491
163,2022-08-24 00:00:00-04:00,111.78687427172392,113.14805567342091,87.16691340938792
164,2022-08-25 00:00:00-04:00,112.40180368775638,113.7536441595975,87.82894624084899
165,2022-08-26 00:00:00-04:00,113.8897987363946,115.22678631873578,88.70674615104062
166,2022-08-29 00:00:00-04:00,110.28850515666176,111.65588152109228,85.0708235681946
167,2022-08-30 00:00:00-04:00,110.25986488832984,111.62803161624338,85.4198103065121
168,2022-08-31 00:00:00-04:00,107.79789097651368,109.18242662473808,84.59067050951725
169,2022-09-01 00:00:00-04:00,106.14637879772567,107.57671490208864,83.10163199332044
170,2022-09-02 00:00:00-04:00,108.8077741325667,110.18033187842744,84.6647078970243
171,2022-09-06 00:00:00-04:00,106.98258797227598,108.37558793036432,83.15238428548253
172,2022-09-07 00:00:00-04:00,105.99404939543508,107.37239848891934,82.58128418094645
173,2022-09-08 00:00:00-04:00,106.92876549951173,108.28766785290613,83.63040386868933
174,2022-09-09 00:00:00-04:00,108.58108095895852,109.9220246074084,85.18503247726242
175,2022-09-12 00:00:00-04:00,109.766771725775,111.09632062253112,86.4625774431975
176,2022-09-13 00:00:00-04:00,108.15122047574552,109.49092660476856,84.99255063288105
177,2022-09-14 00:00:00-04:00,106.68289892292894,108.04150779524974,83.43579815162974
178,2022-09-15 00:00:00-04:00,107.08598320137436,108.43181028227416,83.11642396998444
179,2022-09-16 00:00:00-04:00,105.6615094271045,107.0166933786124,81.5846334293998
180,2022-09-19 00:00:00-04:00,104.19358743898673,105.53155757116184,81.18535931801694
181,2022-09-20 00:00:00-04:00,105.11672801978244,106.4497101422311,81.78003535692164
182,2022-09-21 00:00:00-04:00,106.1853853669735,107.51645952188858,82.003035760352
183,2022-09-22 00:00:00-04:00,104.57664509153928,105.9075320490698,79.97902532352924
184,2022-09-23 00:00:00-04:00,102.67136855252284,104.00031203767315,78.7047270188952
185,2022-09-26 00:00:00-04:00,100.8209976222322,102.14480885805536,77.81910181538267
186,2022-09-27 00:00:00-04:00,100.99845524147848,102.3233681175792,78.1610297204181
187,2022-09-28 00:00:00-04:00,100.57571853603936,101.93916053947058,77.3879687731211
188,2022-09-29 00:00:00-04:00,101.43205946228956,102.76936475861054,77.9040541981674
189,2022-09-30 00:00:00-04:00,99.37158358166045,100.75343817644492,76.84001295748655
190,2022-10-03 00:00:00-04:00,100.41555026448772,100.75343817644492,76.68708457099719
191,2022-10-04 00:00:00-04:00,103.46715357936615,103.56553284365472,79.09126023740365
192,2022-10-05 00:00:00-04:00,104.83805304621325,104.85825098638657,79.30153138383356
193,2022-10-06 00:00:00-04:00,106.06068566783648,106.04860293304668,79.77513583304969
194,2022-10-07 00:00:00-04:00,106.44955197364408,106.47006312721224,78.362801351956
195,2022-10-10 00:00:00-04:00,105.75487623605358,105.79770819595772,77.29875401607846
196,2022-10-11 00:00:00-04:00,102.70786871403476,102.91046242046504,76.08391947966236
197,2022-10-12 00:00:00-04:00,103.09601706212167,103.26113323707123,76.06905501652946
198,2022-10-13 00:00:00-04:00,100.96922567511362,101.3677980550112,74.16611066175405
199,2022-10-14 00:00:00-04:00,105.25227430596595,105.28361112141936,78.27359116193712
200,2022-10-17 00:00:00-04:00,104.09154573465592,104.18136507610134,77.3093888535924
201,2022-10-18 00:00:00-04:00,105.7444242959962,105.7156211837016,79.67107603013272
202,2022-10-19 00:00:00-04:00,106.68192417810673,106.6947590014613,78.36703429494753
203,2022-10-20 00:00:00-04:00,108.0900558566553,108.08778416100508,78.16316401546118
204,2022-10-21 00:00:00-04:00,108.07923826346476,108.10479265984264,77.54512232660329
205,2022-10-24 00:00:00-04:00,111.27771650415016,111.13837883738586,79.83248489552575
206,2022-10-25 00:00:00-04:00,111.98676656640164,111.81036182281704,80.4483981920878
207,2022-10-26 00:00:00-04:00,112.704864176585,112.51861976193103,81.0494375345185
208,2022-10-27 00:00:00-04:00,114.40857211880169,114.19455990045267,81.35740047904919
209,2022-10-28 00:00:00-04:00,114.84259728933954,114.64730222291084,80.6777576497445
210,2022-10-31 00:00:00-04:00,116.07096554857635,115.84140940714772,82.07311140614736
211,2022-11-01 00:00:00-04:00,117.36534918494236,117.12807229211104,82.85895214452665
212,2022-11-02 00:00:00-04:00,116.83033550959962,116.59601333830528,81.5336610534501
213,2022-11-03 00:00:00-04:00,114.0301560226245,113.84056382367142,78.89375619603098
214,2022-11-04 00:00:00-04:00,116.9909696897314,116.77431007609758,80.06822272300097
215,2022-11-07 00:00:00-05:00,116.70565773372378,116.47337295443891,80.21901320949198
216,2022-11-08 00:00:00-05:00,118.64998870994845,118.39822831077294,80.94111386735426
217,2022-11-09 00:00:00-05:00,118.29965923929116,118.051608546368,80.690509114504
218,2022-11-10 00:00:00-05:00,118.01292657085348,117.75400593284256,82.41504063664532
219,2022-11-11 00:00:00-05:00,119.51759618344283,119.25072928102657,84.01642574550246
220,2022-11-14 00:00:00-05:00,119.48265935814732,119.21238472106998,84.24366039944363
221,2022-11-15 00:00:00-05:00,120.5615645741684,120.2897670000913,85.19725870784485
222,2022-11-16 00:00:00-05:00,119.30792819882154,119.03779525901454,84.26915600980693
223,2022-11-17 00:00:00-05:00,117.84826345221327,117.57897944417088,82.92691423018658
224,2022-11-18 00:00:00-05:00,119.40814235194196,119.13565523081388,84.47304956525383
225,2022-11-21 00:00:00-05:00,118.89019309091174,118.6177619977113,83.81466170267569
226,2022-11-22 00:00:00-05:00,120.55874841526696,120.28611705438676,84.23729921813016
227,2022-11-23 00:00:00-05:00,120.95798651526655,120.68461261693308,84.85744991497955
228,2022-11-25 00:00:00-05:00,121.92008523833316,121.6464747375662,85.34168245620553
229,2022-11-28 00:00:00-05:00,120.12317037185836,119.8496328133401,84.75974799377633
230,2022-11-29 00:00:00-05:00,120.1279309448316,119.85439648895162,84.11410962630744
231,2022-11-30 00:00:00-05:00,120.38338289809434,120.11032006915384,83.99517586731305
232,2022-12-01 00:00:00-05:00,123.06522329645762,122.79082181581953,86.8156188939401
233,2022-12-02 00:00:00-05:00,120.97096200065604,120.69670182385848,85.43087776756641
234,2022-12-05 00:00:00-05:00,122.27554704113804,122.00091544244174,85.79193724083366
235,2022-12-06 00:00:00-05:00,120.01247115208156,119.73782552100008,84.82983652711862
236,2022-12-07 00:00:00-05:00,118.06860748368966,117.79425852929543,83.45361528198424
237,2022-12-08 00:00:00-05:00,119.37792598401538,119.10345811516444,83.92085120792717
238,2022-12-09 00:00:00-05:00,120.30518963637128,120.03063890360448,83.87837247057746
239,2022-12-12 00:00:00-05:00,119.3237704095634,119.04902626440555,83.70209988404255
240,2022-12-13 00:00:00-05:00,123.10891434309478,122.83403223636972,87.12357189681141
241,2022-12-14 00:00:00-05:00,121.91003758179488,121.63517825830064,85.29495809431165
242,2022-12-15 00:00:00-05:00,120.3543100412308,120.07950283295638,83.74243071999271
243,2022-12-16 00:00:00-05:00,118.76024694905418,118.48557054868118,82.1811628590759
244,2022-12-19 00:00:00-05:00,119.61983910412808,119.3450590724762,81.81631661708656
245,2022-12-20 00:00:00-05:00,119.04628656124184,118.77164609306185,80.91168603543318
246,2022-12-21 00:00:00-05:00,120.80616450552468,120.5313628353512,81.76938363081865
247,2022-12-22 00:00:00-05:00,121.05745575762327,120.78258861074056,81.72670724323632
248,2022-12-23 00:00:00-05:00,119.71088096545284,119.43605115735464,81.00129575038086
249,2022-12-27 00:00:00-05:00,121.13410330747296,120.85920138115962,81.67124152280147
250,2022-12-28 00:00:00-05:00,121.00168720716128,120.72678470822429,81.35974190956735
251,2022-12-29 00:00:00-05:00,120.26464088964052,119.98973797729656,80.99703210254914
252,2022-12-30 00:00:00-05:00,120.7165299762506,120.44162683548,81.21252146476117
253,2023-01-03 00:00:00-05:00,121.52355744135988,120.44162683548,82.0083514904701
254,2023-01-04 00:00:00-05:00,118.74822730446894,118.02983831519624,81.7544472317462
255,2023-01-05 00:00:00-05:00,118.92851172897412,118.13245379115362,81.44295269380409
256,2023-01-06 00:00:00-05:00,120.80787798039093,119.76525403039638,81.63283689092309
257,2023-01-09 00:00:00-05:00,122.39960819127565,121.21604203268006,83.28848131393046
258,2023-01-10 00:00:00-05:00,120.00090362727713,119.04361492351896,82.6228177529609
259,2023-01-11 00:00:00-05:00,120.8255701403462,119.76142902257531,83.68535508194451
260,2023-01-12 00:00:00-05:00,121.49405794823468,120.3600216047981,84.63265270476776
261,2023-01-13 00:00:00-05:00,120.83541028736096,119.92619802535636,83.98189925123229
262,2023-01-17 00:00:00-05:00,121.55229188543149,120.46833330639116,85.01882702196768
263,2023-01-18 00:00:00-05:00,121.73129760784104,120.67954679081365,85.13190853188895
264,2023-01-19 00:00:00-05:00,119.09702819907982,118.2960897821694,83.07299452175283
265,2023-01-20 00:00:00-05:00,119.0583919870773,118.28555007307976,83.23089401457945
266,2023-01-23 00:00:00-05:00,120.8123784333694,119.85721762468582,84.64331151191666
267,2023-01-24 00:00:00-05:00,119.66944385025202,118.79349239165867,85.10416069396294
268,2023-01-25 00:00:00-05:00,121.48958364996382,120.4101403876294,84.4790255738943
269,2023-01-26 00:00:00-05:00,123.57212633776813,122.27930875494069,86.0109344643744
270,2023-01-27 00:00:00-05:00,124.59284078640312,123.2318316318293,86.12401509588648
271,2023-01-30 00:00:00-05:00,123.6638282852234,122.29688349642274,85.94052951644738
272,2023-01-31 00:00:00-05:00,122.20973970510856,120.87806003662816,85.58423392323333
273,2023-02-01 00:00:00-05:00,123.9030425124976,122.498070326495,86.45472273326652
274,2023-02-02 00:00:00-05:00,124.49661529035856,123.18127748211988,88.51362574524829
275,2023-02-03 00:00:00-05:00,122.97477403682797,121.69501392372796,87.81594905262148
276,2023-02-06 00:00:00-05:00,123.5186946476094,122.09768673638766,87.43190931948136
277,2023-02-07 00:00:00-05:00,124.28085346409276,122.82970443850364,87.23561096998283
278,2023-02-08 00:00:00-05:00,125.5306917357924,124.06627545572904,88.14451787861385
279,2023-02-09 00:00:00-05:00,126.25363079781184,124.70563557270673,88.41762279533836
280,2023-02-10 00:00:00-05:00,125.87540621206958,124.3165012173172,86.59341145146685
281,2023-02-13 00:00:00-05:00,127.49140519127906,125.83056518155465,87.20360905232177
282,2023-02-14 00:00:00-05:00,127.29835021282652,125.60722251374176,87.74126556955058
283,2023-02-15 00:00:00-05:00,127.04761532776176,125.38233598605744,87.55138561218858
284,2023-02-16 00:00:00-05:00,126.03642032292692,124.50345940190532,87.21854262318152
285,2023-02-17 00:00:00-05:00,124.866403293042,123.4293174779367,86.63608608286641
286,2023-02-21 00:00:00-05:00,123.71602809743864,122.16300646014568,85.99600758785954
287,2023-02-22 00:00:00-05:00,123.07755171398767,121.5117620600753,85.24071046873222
288,2023-02-23 00:00:00-05:00,124.23072818872656,122.65106538547847,85.67596696490864
289,2023-02-24 00:00:00-05:00,123.08594272298303,121.543672272917,84.36595603966497
290,2023-02-27 00:00:00-05:00,124.12828342671986,122.56902811528047,85.31538983271248
291,2023-02-28 00:00:00-05:00,123.82926997291364,122.3813128308757,84.7521359224551
292,2023-03-01 00:00:00-05:00,122.93384347534028,121.61395296706893,84.36382517627784
293,2023-03-02 00:00:00-05:00,122.93632906090028,121.5755458902724,83.78134918215734
294,2023-03-03 00:00:00-05:00,124.88696996026826,123.39794218105698,85.28124907572897
295,2023-03-06 00:00:00-05:00,126.50200977576972,124.98234367952232,86.42058181021677
296,2023-03-07 00:00:00-05:00,127.22361701271714,125.62945099634514,86.28617661234553
297,2023-03-08 00:00:00-05:00,125.91975427113218,124.48250952613746,84.99962788555655
298,2023-03-09 00:00:00-05:00,126.36114239587496,124.86985620867156,85.28764769546468
299,2023-03-10 00:00:00-05:00,125.15006756170564,123.5570459186288,83.4207736359338
300,2023-03-13 00:00:00-04:00,122.13693245840837,120.57435670183524,81.46214162071514
301,2023-03-14 00:00:00-04:00,124.35130059169092,122.65505178533272,83.31623296225041
302,2023-03-15 00:00:00-04:00,123.00343547626666,121.33542399751371,82.33266404091955
303,2023-03-16 00:00:00-04:00,121.48560741607032,119.95302238306276,82.53107150353127
304,2023-03-17 00:00:00-04:00,123.68830432156985,122.0067716852085,84.21675949337032
305,2023-03-20 00:00:00-04:00,122.58050285217516,120.91565567181462,83.69845901979254
306,2023-03-21 00:00:00-04:00,125.9637038061689,124.135806400718,85.07771971124706
307,2023-03-22 00:00:00-04:00,126.45592623766824,124.62647513436806,85.39686049118416
308,2023-03-23 00:00:00-04:00,125.72284716758844,123.89504556484007,84.617259136345
309,2023-03-24 00:00:00-04:00,124.3110922178512,122.49373225686016,83.92119768928295
310,2023-03-27 00:00:00-04:00,126.0091108048566,124.17020540732246,85.2662119367389
311,2023-03-28 00:00:00-04:00,125.6216622153874,123.75824940831336,84.76289748764759
312,2023-03-29 00:00:00-04:00,127.02063842393072,125.15441718406164,85.65385531253304
313,2023-03-30 00:00:00-04:00,127.8606131063253,125.99444856784972,86.5448095756452
314,2023-03-31 00:00:00-04:00,128.0208473770072,126.1539337551381,86.66688285784353
315,2023-04-03 00:00:00-04:00,129.8766566210778,126.1539337551381,87.56426343956224
316,2023-04-04 00:00:00-04:00,132.378329698921,128.43285862532258,88.15753720388346
317,2023-04-05 00:00:00-04:00,131.52484875274513,127.65093561039946,87.36294934637424
318,2023-04-06 00:00:00-04:00,132.1219638662793,128.2240184569817,87.11878928657796
319,2023-04-10 00:00:00-04:00,131.24093890529602,127.37114625981876,87.08451924399093
320,2023-04-11 00:00:00-04:00,132.42836702752282,128.4340952096167,87.86625191215961
321,2023-04-12 00:00:00-04:00,131.589484495688,127.62713690348592,88.21106086245597
322,2023-04-13 00:00:00-04:00,131.08204400131424,127.17807709915844,87.63494804004031
323,2023-04-14 00:00:00-04:00,131.9140476849761,127.94238418361978,88.41239715985569
324,2023-04-17 00:00:00-04:00,131.57461943644813,127.5869550105798,88.31816118927293
325,2023-04-18 00:00:00-04:00,132.76709718891772,128.67523134560366,89.00564153413178
326,2023-04-19 00:00:00-04:00,133.24098788049224,129.12124809301034,88.28603022737387
327,2023-04-20 00:00:00-04:00,132.6806183878034,128.5670954205225,88.06971112972191
328,2023-04-21 00:00:00-04:00,133.03457544392768,128.89103371738136,88.27960391338031
329,2023-04-24 00:00:00-04:00,132.77636476612375,128.61245958604016,88.23675405076463
330,2023-04-25 00:00:00-04:00,133.21517078941778,129.02116586725742,87.93479579734635
331,2023-04-26 00:00:00-04:00,131.36045684342437,127.27180036347548,87.1080776204648
332,2023-04-27 00:00:00-04:00,130.8218598931779,126.8024286510544,87.16804591661749
333,2023-04-28 00:00:00-04:00,132.01051183799987,127.91590167317132,88.12968158516928
334,2023-05-01 00:00:00-04:00,132.13613145826506,127.97147347391318,88.98207710566793
335,2023-05-02 00:00:00-04:00,132.17901174083937,128.01156957455362,88.83215937109571
336,2023-05-03 00:00:00-04:00,129.42292988674416,125.52023578309124,88.10183748378708
337,2023-05-04 00:00:00-04:00,128.7618349157682,124.99063703610511,87.15307305878382
338,2023-05-05 00:00:00-04:00,129.29030124241578,125.43027421447805,87.57710691345905
339,2023-05-08 00:00:00-04:00,131.01744995296846,126.92228893553172,88.44665761486219
340,2023-05-09 00:00:00-04:00,130.0190902758741,126.05470632199722,88.05258420907835
341,2023-05-10 00:00:00-04:00,130.2813917319563,126.23843776138747,88.64154063399418
342,2023-05-11 00:00:00-04:00,129.55711483169915,125.67811262802356,88.22820150628696
343,2023-05-12 00:00:00-04:00,129.7912973052909,125.88381107727166,88.54303478814307
344,2023-05-15 00:00:00-04:00,129.71943101131114,125.75582543958323,88.28602525420123
345,2023-05-16 00:00:00-04:00,129.82465574934983,125.87889392121984,88.20891273341113
346,2023-05-17 00:00:00-04:00,129.8412574321559,125.9910981337536,88.3138690399769
347,2023-05-18 00:00:00-04:00,131.11336571024307,127.09057504129792,88.86000284250287
348,2023-05-19 00:00:00-04:00,133.4827089776475,129.28288809421372,89.98869762435034
349,2023-05-22 00:00:00-04:00,132.98037566013258,128.8025317204257,89.6610009368249
350,2023-05-23 00:00:00-04:00,132.75226962523257,128.56916343965997,89.32689823820202
351,2023-05-24 00:00:00-04:00,132.3194279702499,128.05223192767804,88.32887236253532
352,2023-05-25 00:00:00-04:00,134.915833759818,130.71714537158402,88.82572737291679
353,2023-05-26 00:00:00-04:00,136.38841268432105,132.219012824709,88.95210030711374
354,2023-05-30 00:00:00-04:00,140.08189541133535,136.01876762407088,90.38704672287734
355,2023-05-31 00:00:00-04:00,137.76330327238938,133.78415301493575,89.58390200632748
356,2023-06-01 00:00:00-04:00,137.69910146492455,133.75356509537875,89.54321276055573
357,2023-06-02 00:00:00-04:00,139.87129467833034,135.58643356916565,90.91605994825296
358,2023-06-05 00:00:00-04:00,141.5359186681208,137.11226092119028,91.72563135293552
359,2023-06-06 00:00:00-04:00,140.2101808438577,135.9123309367501,91.38081527888508
360,2023-06-07 00:00:00-04:00,140.3480216707652,135.920448089571,91.75991086648132
361,2023-06-08 00:00:00-04:00,141.03085582389042,136.54456262424554,91.37010735819342
362,2023-06-09 00:00:00-04:00,142.55273982307156,138.0605868020041,92.08543504072642
363,2023-06-12 00:00:00-04:00,141.63019322368064,137.17647507318696,92.291045733177
364,2023-06-13 00:00:00-04:00,144.09268768780862,139.6019555529564,93.23341234353562
365,2023-06-14 00:00:00-04:00,143.9082126799135,139.41412290258825,93.59535199870234
366,2023-06-15 00:00:00-04:00,145.28240785664173,140.8172585785973,93.44972058740689
367,2023-06-16 00:00:00-04:00,146.7643691076925,142.2651717633167,95.23497511929952
368,2023-06-20 00:00:00-04:00,144.59413652086153,140.10240165559495,94.03760950306986
369,2023-06-21 00:00:00-04:00,144.40582266695537,139.99652109085284,93.76029685708538
370,2023-06-22 00:00:00-04:00,143.8520720448421,139.4080458179125,93.28522226307405
371,2023-06-23 00:00:00-04:00,143.36925886402904,138.9238883567802,93.06594758288033
372,2023-06-26 00:00:00-04:00,142.599232576445,138.12651766884872,92.99931564046474
373,2023-06-27 00:00:00-04:00,142.61676369450703,138.08360105676934,92.94128530463742
374,2023-06-28 00:00:00-04:00,143.3668458903253,138.82662730755635,93.52168715269092
375,2023-06-29 00:00:00-04:00,144.18458611592473,139.6393334279026,93.7172948128948
376,2023-06-30 00:00:00-04:00,146.2360604453797,141.6904499177949,94.89531468011424
377,2023-07-03 00:00:00-04:00,146.74285854452165,141.6904499177949,95.21347054924792
378,2023-07-05 00:00:00-04:00,146.528294566827,141.4580742231056,94.99636532531372
379,2023-07-06 00:00:00-04:00,144.7024106748958,139.8342602572189,94.46109416650532
380,2023-07-07 00:00:00-04:00,143.7019229991408,138.99628139672205,94.29127447522004
381,2023-07-10 00:00:00-04:00,143.56731333780007,138.78289199484047,94.19452980111618
382,2023-07-11 00:00:00-04:00,145.73823120186282,140.66824005743186,94.682513732764
383,2023-07-12 00:00:00-04:00,146.89332518459574,141.73478752734823,95.95941659806851
384,2023-07-13 00:00:00-04:00,147.1316364027345,141.95435588297434,96.28402568600258
385,2023-07-14 00:00:00-04:00,146.8401936152908,141.7150681018189,96.83863206238212
386,2023-07-17 00:00:00-04:00,146.18733903238788,141.17191798026838,96.54843877453688
387,2023-07-18 00:00:00-04:00,147.50177828516996,142.39521647465713,96.84294606936156
388,2023-07-19 00:00:00-04:00,146.44919361468192,141.37421052375836,97.81244713449078
389,2023-07-20 00:00:00-04:00,146.54272033141328,141.3556924463185,97.63187194855452
390,2023-07-21 00:00:00-04:00,147.9865402770037,142.6178675860601,97.58672401334408
391,2023-07-24 00:00:00-04:00,147.51970198536597,142.11397965089623,97.45990359693192
392,2023-07-25 00:00:00-04:00,147.4429343506157,142.02226349025833,97.57813528115648
393,2023-07-26 00:00:00-04:00,148.11163574587783,142.6485097709594,97.69635993718096
394,2023-07-27 00:00:00-04:00,148.55544605989178,143.05467375728097,98.67445017812508
395,2023-07-28 00:00:00-04:00,147.63146496031277,142.181144029807,97.99947477459098
396,2023-07-31 00:00:00-04:00,147.87091314320094,142.34482017553802,98.32837287893103
397,2023-08-01 00:00:00-04:00,148.15011938248293,142.58325309222127,98.08329564369453
398,2023-08-02 00:00:00-04:00,148.43185627026955,142.8344085599159,97.43409921317668
399,2023-08-03 00:00:00-04:00,146.14553033558573,140.6440427214165,96.31412445445996
400,2023-08-04 00:00:00-04:00,147.00005102786875,141.43192218173726,96.89023225423654
401,2023-08-07 00:00:00-04:00,146.97164483797377,141.35804364772088,96.4581471018557
402,2023-08-08 00:00:00-04:00,148.22125446889356,142.56355474001543,96.3227142467338
403,2023-08-09 00:00:00-04:00,149.26388259622968,143.5441079020864,96.52693563888263
404,2023-08-10 00:00:00-04:00,148.1605142971729,142.49377610154693,96.34636964131008
405,2023-08-11 00:00:00-04:00,147.1268119104549,141.5368754788046,95.43920100889122
406,2023-08-14 00:00:00-04:00,147.6979128941942,142.06411112577536,95.59611853966112
407,2023-08-15 00:00:00-04:00,149.4228992757462,143.69177820773214,95.93362591761144
408,2023-08-16 00:00:00-04:00,148.39012913955827,142.70390554281445,95.11459559915843
409,2023-08-17 00:00:00-04:00,147.52929870872185,141.85816188059374,94.8351375387708
410,2023-08-18 00:00:00-04:00,146.00727556945327,140.43024938733677,93.1605427958035
411,2023-08-21 00:00:00-04:00,148.96092864082624,143.2075695636574,94.05909386667015
412,2023-08-22 00:00:00-04:00,151.4709408035562,145.596873528939,94.83943804433862
413,2023-08-23 00:00:00-04:00,149.50603156597566,143.67066340566328,94.4245383419073
414,2023-08-24 00:00:00-04:00,152.61145969683648,146.7044240539717,95.59397192351577
415,2023-08-25 00:00:00-04:00,150.04615973693967,144.1703627287769,94.30201760072848
416,2023-08-28 00:00:00-04:00,150.07522505718217,144.17178177534095,95.06730404859344
417,2023-08-29 00:00:00-04:00,150.85550297604746,144.93265992495378,95.15543727767532
418,2023-08-30 00:00:00-04:00,153.32947722043443,147.36898710434238,96.630121311767
419,2023-08-31 00:00:00-04:00,153.95374298458935,147.97336626838552,97.09014939491529
420,2023-09-01 00:00:00-04:00,154.9239663716116,148.9381863767066,97.41689175628667
421,2023-09-05 00:00:00-04:00,153.60901828998584,147.62516378284823,96.89237581150697
422,2023-09-06 00:00:00-04:00,153.07212679916083,147.1028592733706,96.391494534112
423,2023-09-07 00:00:00-04:00,150.83197134879634,144.96780372858504,95.25431587637657
424,2023-09-08 00:00:00-04:00,151.15395116508094,145.26070303849966,95.63911022846436
425,2023-09-11 00:00:00-04:00,152.7210698495706,146.82423913613437,96.35710039850665
426,2023-09-12 00:00:00-04:00,151.23468915881423,145.36026870798227,96.07980109702862
427,2023-09-13 00:00:00-04:00,151.79958730927808,145.91641838650327,95.92288181475368
428,2023-09-14 00:00:00-04:00,152.93449300950246,147.02751699844163,96.53552996938102
429,2023-09-15 00:00:00-04:00,153.3142742817116,147.36747351016373,96.45970151517088
430,2023-09-18 00:00:00-04:00,151.01799126707365,145.03400158165843,95.57738794075595
431,2023-09-19 00:00:00-04:00,151.89352773249982,145.89372370381736,95.49755079573968
432,2023-09-20 00:00:00-04:00,151.34253915765163,145.3454142106023,95.78447700528427
433,2023-09-21 00:00:00-04:00,148.14285446357638,142.18085223322726,93.99178607701415
434,2023-09-22 00:00:00-04:00,147.05288692385875,141.1123578320249,93.29069595603316
435,2023-09-25 00:00:00-04:00,147.34793100557687,141.3883251760327,92.58311201553846
436,2023-09-26 00:00:00-04:00,147.4564201763128,141.51004979264007,92.5658260330529
437,2023-09-27 00:00:00-04:00,147.78052576432995,141.83500482222598,92.13438832062296
438,2023-09-28 00:00:00-04:00,148.59425245207882,142.6221478708279,91.78707796124736
439,2023-09-29 00:00:00-04:00,149.30509102443355,143.3075492390612,93.12240413861352
440,2023-10-02 00:00:00-04:00,147.9699175239189,143.3075492390612,92.03299725451936
441,2023-10-03 00:00:00-04:00,147.1803417226221,142.60277413590535,91.6964685288481
442,2023-10-04 00:00:00-04:00,145.22051903383047,140.85557462955674,91.0514474380466
443,2023-10-05 00:00:00-04:00,144.10129131060506,139.99788620357535,91.5454549186184
444,2023-10-06 00:00:00-04:00,142.27651493896525,138.74738330579916,91.02986798934326
445,2023-10-09 00:00:00-04:00,148.07193787730125,143.5583012527081,92.24008435225348
446,2023-10-10 00:00:00-04:00,150.33487266150422,145.62847232505328,93.39638799601364
447,2023-10-11 00:00:00-04:00,149.7152188443093,145.38570304253668,93.9788531427159
448,2023-10-12 00:00:00-04:00,151.35188570917512,146.88685474899054,94.26143999463108
449,2023-10-13 00:00:00-04:00,153.31809698691083,148.77339410743787,93.886101163795
450,2023-10-16 00:00:00-04:00,152.60670248983712,147.81125436841924,93.58622503009651
451,2023-10-17 00:00:00-04:00,151.89460656879058,147.17121625745548,93.36834548122042
452,2023-10-18 00:00:00-04:00,152.10944349000894,147.20911462497432,93.66604083382686
453,2023-10-19 00:00:00-04:00,152.7718900947919,147.78052795898608,92.96708308486654
454,2023-10-20 00:00:00-04:00,152.0470594657437,147.05744859988528,91.8949423974252
455,2023-10-23 00:00:00-04:00,149.557821000182,144.74161446169762,90.52075801592876
456,2023-10-24 00:00:00-04:00,150.3555564099098,145.52461361153922,91.17656167681066
457,2023-10-25 00:00:00-04:00,150.84165420639624,146.08295296754946,91.01262231343308
458,2023-10-26 00:00:00-04:00,148.43021742537644,143.85190632758443,89.83906630478327
459,2023-10-27 00:00:00-04:00,146.89434541187575,142.23389610997398,89.35151716320244
460,2023-10-30 00:00:00-04:00,146.59413359165012,142.2106275576258,89.21561132313815
461,2023-10-31 00:00:00-04:00,146.73068133119833,142.3488862575459,89.78082360564916
462,2023-11-01 00:00:00-04:00,147.28822907589952,142.75474576371465,90.43229637761316
463,2023-11-02 00:00:00-04:00,149.17791487602506,144.6124006338502,92.0243734066431
464,2023-11-03 00:00:00-04:00,151.32473772108565,146.41096037271095,93.43953549047563
465,2023-11-06 00:00:00-05:00,151.50003272417834,146.5492966684813,93.94216985970496
466,2023-11-07 00:00:00-05:00,151.19677496909347,146.70043982002247,93.98963599536008
467,2023-11-08 00:00:00-05:00,152.12011567278591,147.7158601081389,94.39086983794398
468,2023-11-09 00:00:00-05:00,152.96512006321478,148.54486167912776,94.5807317031573
469,2023-11-10 00:00:00-05:00,152.71169793407628,148.2321135677229,94.05219494224086
470,2023-11-13 00:00:00-05:00,154.2674055450988,149.71865407366158,94.75329971862786
471,2023-11-14 00:00:00-05:00,156.13663526817655,151.37895827694624,96.28279953153576
472,2023-11-15 00:00:00-05:00,156.9824931568831,152.26012621067483,97.10041000456796
473,2023-11-16 00:00:00-05:00,155.07742315436423,150.51716378818648,96.90840057353849
474,2023-11-17 00:00:00-05:00,155.2375282541152,150.6336496674922,97.12844254641809
475,2023-11-20 00:00:00-05:00,156.43482259075228,151.45053252164732,97.19101274193524
476,2023-11-21 00:00:00-05:00,156.731916081823,151.88966966869896,97.76268288132908
477,2023-11-22 00:00:00-05:00,156.58038158739092,151.9876764032934,98.15100150355168
478,2023-11-24 00:00:00-05:00,156.70139842436618,151.84738908925686,98.1703942302218
479,2023-11-27 00:00:00-05:00,156.67305982194105,151.76567509909128,98.07979857148466
480,2023-11-28 00:00:00-05:00,154.72018809127292,149.77766469050874,97.95683222076464
481,2023-11-29 00:00:00-05:00,155.30110408501133,150.33932056072544,98.6191120917562
482,2023-11-30 00:00:00-05:00,154.16519549933852,149.36792354539503,98.25884965658553
483,2023-12-01 00:00:00-05:00,153.10820633036042,148.40384304101116,98.32141391273618
484,2023-12-04 00:00:00-05:00,152.3988442883365,147.7162204177065,98.284741547757
485,2023-12-05 00:00:00-05:00,152.1093070559082,147.38508101708848,98.21139842212992
486,2023-12-06 00:00:00-05:00,152.2474432553658,147.99266806467585,98.9772178215341
487,2023-12-07 00:00:00-05:00,151.32874330396825,147.0950019562326,98.567340935427
488,2023-12-08 00:00:00-05:00,152.17065410759892,148.13811327849717,98.6859914894171
489,2023-12-11 00:00:00-05:00,154.49043799257512,150.20974274925683,99.16705871154454
490,2023-12-12 00:00:00-05:00,156.13801291924247,152.14474832211744,99.58556411474272
491,2023-12-13 00:00:00-05:00,158.2952194970216,154.4751409732676,100.20254294517416
492,2023-12-14 00:00:00-05:00,160.61231951984155,156.27125724540946,101.93050751135334
493,2023-12-15 00:00:00-05:00,159.41761910083665,154.87499011317348,101.69179945046383
494,2023-12-18 00:00:00-05:00,161.64707428824985,156.70934219104564,102.01454496654694
495,2023-12-19 00:00:00-05:00,163.20669730571498,158.27296694362946,102.35027146133238
496,2023-12-20 00:00:00-05:00,163.27718866691902,158.0603379468148,102.66001096290782
497,2023-12-21 00:00:00-05:00,161.7499124769448,156.8826712956533,102.09035438998325
498,2023-12-22 00:00:00-05:00,162.40066984321757,157.33610308429962,102.6383448789769
499,2023-12-26 00:00:00-05:00,162.03940982875662,156.78500449645728,102.68382373858095
500,2023-12-27 00:00:00-05:00,162.5511242596529,157.39718048485312,102.98057738433651
501,2023-12-28 00:00:00-05:00,162.63841902797373,157.5989182500466,103.2924824933834
502,2023-12-29 00:00:00-05:00,162.09944649233282,157.31275393799385,103.20801116204964
503,2024-01-02 00:00:00-05:00,160.7448337962866,157.31275393799385,102.27013050045886
504,2024-01-03 00:00:00-05:00,160.80584184747156,157.4039587967158,101.8954052536528
505,2024-01-04 00:00:00-05:00,162.0810947039532,158.62714602572257,101.43405040019309
506,2024-01-05 00:00:00-05:00,161.10908481090425,157.69458408122787,101.2586023110882
507,2024-01-08 00:00:00-05:00,160.65392963104884,157.19692046364867,101.46220362023398
508,2024-01-09 00:00:00-05:00,162.7303605030753,159.05349401930783,102.20731090785436
509,2024-01-10 00:00:00-05:00,163.01251440163193,159.27650306222648,102.7033280349356
510,2024-01-11 00:00:00-05:00,163.60774152153726,159.82622343115972,103.44627123788864
511,2024-01-12 00:00:00-05:00,165.2372186093599,161.29397109848358,103.50041865892725
512,2024-01-16 00:00:00-05:00,165.93054441191956,161.8956168198954,102.94160689229828
513,2024-01-17 00:00:00-05:00,164.08473332065984,160.23519381158263,102.19650116088482
514,2024-01-18 00:00:00-05:00,164.6948306892161,160.74383240189948,102.67082954625162
515,2024-01-19 00:00:00-05:00,166.6884801406312,162.64139486839304,103.45926582291546
516,2024-01-22 00:00:00-05:00,169.91506989738753,165.7655636443176,104.83685017874704
517,2024-01-23 00:00:00-05:00,170.04959449179782,165.8752083832414,104.83684616355214
518,2024-01-24 00:00:00-05:00,170.7886034255248,166.6223709655696,105.6599199696518
519,2024-01-25 00:00:00-05:00,172.86589265370037,168.7023818757287,105.61010547711568
520,2024-01-26 00:00:00-05:00,170.9112466552587,166.68371025755724,105.61227961007944
521,2024-01-29 00:00:00-05:00,171.1870662730241,166.91804560942958,105.64260391567304
522,2024-01-30 00:00:00-05:00,171.75067392677926,167.46585816747316,106.2555842516346
523,2024-01-31 00:00:00-05:00,171.1541967639181,166.83829259103456,105.83538088384064
524,2024-02-01 00:00:00-05:00,170.42790005155263,166.14600804083298,104.97114324984577
525,2024-02-02 00:00:00-05:00,172.40258172161873,168.12415319090016,106.05846698762352
526,2024-02-05 00:00:00-05:00,174.509937040293,170.25173474140252,106.93570516527716
527,2024-02-06 00:00:00-05:00,178.2626194969457,174.01146706549744,106.89671208033482
528,2024-02-07 00:00:00-05:00,175.9944796324602,171.66301566739665,107.49670503223516
529,2024-02-08 00:00:00-05:00,178.69819408901378,174.32093139642572,107.88875207046716
530,2024-02-09 00:00:00-05:00,178.90374077640251,174.52272408020372,108.04903116447026
531,2024-02-12 00:00:00-05:00,180.58179998448128,176.19874292740954,108.5537136971476
532,2024-02-13 00:00:00-05:00,177.84630247680627,173.4183185811784,107.11549260129588
533,2024-02-14 00:00:00-05:00,180.23153024038203,175.8198622858543,107.60499502435984
534,2024-02-15 00:00:00-05:00,180.1698138211265,175.8870485279699,108.1465031451342
535,2024-02-16 00:00:00-05:00,181.4111791154725,177.02571250124893,108.66851112071777
536,2024-02-20 00:00:00-05:00,180.4867300458614,176.0442761746573,107.80644231030608
537,2024-02-21 00:00:00-05:00,176.7071880418866,172.24695259287083,107.30826299707428
538,2024-02-22 00:00:00-05:00,182.8028579275933,178.3372746372781,109.16887216392362
539,2024-02-23 00:00:00-05:00,186.2091045208233,181.69540429288585,110.30817436516926
540,2024-02-26 00:00:00-05:00,185.9060105566983,181.3542026687957,110.09807582903858
541,2024-02-27 00:00:00-05:00,185.2590872387794,180.72321201519765,109.7515198773742
542,2024-02-28 00:00:00-05:00,184.44086282811432,179.87199214248466,109.45476485064184
543,2024-02-29 00:00:00-05:00,185.07975039600385,180.5022504982225,110.04825650589255
544,2024-03-01 00:00:00-05:00,187.05448591154664,182.4824914037916,110.24536516330475
545,2024-03-04 00:00:00-05:00,192.3670167361205,187.7786842161873,110.9060030981925
546,2024-03-05 00:00:00-05:00,191.81106187137567,187.20598991437092,110.51827711251494
547,2024-03-06 00:00:00-05:00,193.06950639886176,188.46435299587125,110.58541914412532
548,2024-03-07 00:00:00-05:00,192.94891022921115,188.33660064136515,111.14642529797268
549,2024-03-08 00:00:00-05:00,195.0641156923776,190.46889725816808,111.6489414961047
550,2024-03-11 00:00:00-04:00,187.4619018001736,182.8182503468617,110.5702604062735
551,2024-03-12 00:00:00-04:00,189.09271262279876,184.44760582804668,111.21357042183858
552,2024-03-13 00:00:00-04:00,189.77662767152867,185.1220838084483,112.00630968128552
553,2024-03-14 00:00:00-04:00,189.06825646128183,184.408835806432,111.97598153817542
554,2024-03-15 00:00:00-04:00,187.61143250016733,182.9566446625796,110.8551459681319
555,2024-03-18 00:00:00-04:00,189.53061802316856,184.8573238303441,111.6786141994066
556,2024-03-19 00:00:00-04:00,186.8512984331601,182.17714492478785,111.27666899086248
557,2024-03-20 00:00:00-04:00,189.67788068993383,184.99987046999948,112.063181666879
558,2024-03-21 00:00:00-04:00,194.8389837342654,190.15794811410703,113.71881929976648
559,2024-03-22 00:00:00-04:00,195.5351790221298,190.85545843869764,113.4406909709157
560,2024-03-25 00:00:00-04:00,196.49288601919804,191.81103770634792,112.93878903054772
561,2024-03-26 00:00:00-04:00,198.2222182481341,193.5399139406117,113.24949267766831
562,2024-03-27 00:00:00-04:00,196.6321998738531,191.9492888415869,113.3538090539987
563,2024-03-28 00:00:00-04:00,195.79826016216495,191.11494538204124,113.67971377652144
564,2024-04-01 00:00:00-04:00,196.2208201299559,191.5373686564243,113.8144122211323
565,2024-04-01 00:00:00-04:00,196.22082614662077,191.5373686564243,113.8144122211323
566,2024-04-02 00:00:00-04:00,194.8903915274943,190.35643821049325,112.59984264402291
567,2024-04-03 00:00:00-04:00,196.26700405192628,191.5673195202251,112.48685425661576
568,2024-04-04 00:00:00-04:00,199.5740426945156,194.55745829367515,113.74706633306992
569,2024-04-05 00:00:00-04:00,195.7617545254631,191.08730816997328,111.77856075301892
570,2024-04-08 00:00:00-04:00,197.95232928570948,192.9738419324702,112.79756582540875
571,2024-04-09 00:00:00-04:00,197.85318797630933,192.88950650859303,113.09087399511456
572,2024-04-10 00:00:00-04:00,194.22858913655944,189.65255157988312,111.56562058266005
573,2024-04-11 00:00:00-04:00,196.9183796761034,192.0112638348884,112.04362974672613
574,2024-04-12 00:00:00-04:00,198.82985984376896,193.7138500224988,111.75899873896748
575,2024-04-15 00:00:00-04:00,199.0454098793864,193.8290596232841,111.9241247831612
576,2024-04-16 00:00:00-04:00,194.61628909012796,189.74678907018705,109.7101186502736
577,2024-04-17 00:00:00-04:00,196.32701903539368,191.23776514708808,109.95128216515768
578,2024-04-18 00:00:00-04:00,192.6651498370068,187.9469275311425,109.06698461891084
579,2024-04-19 00:00:00-04:00,191.12570872155104,186.62121956146223,108.51511224613184
580,2024-04-22 00:00:00-04:00,188.1007118830778,184.13754141872127,108.16529210704488
581,2024-04-23 00:00:00-04:00,189.825469862056,185.53541843901527,109.0235365340091
582,2024-04-24 00:00:00-04:00,192.60569715535797,187.77881055243125,110.06209146518847
583,2024-04-25 00:00:00-04:00,190.78035292388012,186.2775142470804,108.45861975161108
584,2024-04-26 00:00:00-04:00,193.40072699552192,188.4414074892656,110.0164645926952
585,2024-04-29 00:00:00-04:00,195.9838764869703,190.617714263675,110.82906788088695
586,2024-04-30 00:00:00-04:00,197.43526889849736,191.90131155761088,110.49663619129412
587,2024-05-01 00:00:00-04:00,193.85944357877196,188.60751073346512,108.93662045636876
588,2024-05-02 00:00:00-04:00,192.1034716757096,187.00453002396893,109.53846245597772
589,2024-05-03 00:00:00-04:00,192.43661281023805,187.26285647197267,111.0615494486254
590,2024-05-06 00:00:00-04:00,194.09104858156888,188.6428838442767,111.62429816999844
591,2024-05-07 00:00:00-04:00,197.34146080692773,191.58915633953148,112.4521015601954
592,2024-05-08 00:00:00-04:00,195.8584922877649,190.1997669979436,111.95236770266202
593,2024-05-09 00:00:00-04:00,197.22224018607164,191.43171237665769,112.41299333871584
594,2024-05-10 00:00:00-04:00,198.09260343327645,192.25220803643052,113.37552481420023
595,2024-05-13 00:00:00-04:00,199.2579365865116,193.30705277538016,113.53847628332566
596,2024-05-14 00:00:00-04:00,197.84047059949825,191.9503360482799,113.22343161270796
597,2024-05-15 00:00:00-04:00,201.1696603010072,195.10816962603664,114.24896220289196
598,2024-05-16 00:00:00-04:00,204.8654530904229,198.6945783946448,115.12891329937597
599,2024-05-17 00:00:00-04:00,203.74781604484767,197.58847860622475,114.89644045969123
600,2024-05-20 00:00:00-04:00,203.2479438909897,197.0622830743208,115.06156296050966
601,2024-05-21 00:00:00-04:00,203.7559579544697,197.53786995685107,114.99857244299211
602,2024-05-22 00:00:00-04:00,204.12233284768968,197.874304441564,115.29624221771412
603,2024-05-23 00:00:00-04:00,207.05193705067117,200.7538245448297,115.79811016319748
604,2024-05-24 00:00:00-04:00,206.0556883789681,199.7556185964825,114.68782736654954
605,2024-05-28 00:00:00-04:00,207.6449977994296,201.3207578726784,115.2136800048758
606,2024-05-29 00:00:00-04:00,207.47060862389333,201.135728612791,114.21637250924978
607,2024-05-30 00:00:00-04:00,206.9699854475448,200.6462254093468,113.96434068949728
608,2024-05-31 00:00:00-04:00,206.5186289494793,200.17708781854984,113.76226967592702
609,2024-06-03 00:00:00-04:00,208.12886188014764,201.75525523318623,114.94206870245932
610,2024-06-04 00:00:00-04:00,206.68781171588705,200.34734865332263,114.38584450114546
611,2024-06-05 00:00:00-04:00,208.6030995571921,202.24560357715345,115.32230061805336
612,2024-06-06 00:00:00-04:00,213.4491574108294,207.08093901991705,116.23702888924468
613,2024-06-07 00:00:00-04:00,212.28364648998107,205.9030368469369,115.95019892044924
614,2024-06-10 00:00:00-04:00,213.0062571840621,206.62293760097148,115.845915532447
615,2024-06-11 00:00:00-04:00,214.94121099128463,208.5595324061692,116.03928090804628
616,2024-06-12 00:00:00-04:00,218.14232803487093,211.7534864108126,117.68187716395256
617,2024-06-13 00:00:00-04:00,227.9061358156437,221.5346205683386,118.01212780448571
618,2024-06-14 00:00:00-04:00,227.06971326385917,220.70543050963383,117.51894598517474
619,2024-06-17 00:00:00-04:00,232.43406704286048,226.06774904800963,117.7796444645893
620,2024-06-18 00:00:00-04:00,234.12584715009743,227.75627617961075,118.88339919593446
621,2024-06-20 00:00:00-04:00,235.56621261122277,229.17850033375595,119.37877567106293
622,2024-06-21 00:00:00-04:00,227.9756424567957,221.57877256196505,118.66532617879152
623,2024-06-24 00:00:00-04:00,224.9399716514953,218.5416516569896,118.65007085618734
624,2024-06-25 00:00:00-04:00,223.80526511630924,217.406509854718,118.5759499231135
625,2024-06-26 00:00:00-04:00,225.4412056607809,219.0424424190346,118.51055493066684
626,2024-06-27 00:00:00-04:00,225.10861069144,218.70984618899763,118.87678284108571
627,2024-06-28 00:00:00-04:00,226.10088149470585,219.70211694395903,119.2669255194443
628,2024-07-01 00:00:00-04:00,226.21754874780197,219.8187841968656,118.93342059061644
629,2024-07-01 00:00:00-04:00,226.2175498618037,219.8187841968656,118.93342059061644
630,2024-07-02 00:00:00-04:00,226.37332117517388,219.93798713509327,118.51274788137096
631,2024-07-03 00:00:00-04:00,227.56399829917865,221.0282253259681,119.60042882136553
632,2024-07-05 00:00:00-04:00,232.68458814772467,225.84870364243957,120.27179086947623
633,2024-07-08 00:00:00-04:00,230.4245976013583,223.6250076076184,121.071768619609
634,2024-07-09 00:00:00-04:00,233.29550402828224,226.42133060112775,121.25048662146824
635,2024-07-10 00:00:00-04:00,234.03024108334375,227.10282529482723,121.4270610279382
636,2024-07-11 00:00:00-04:00,235.47457559317127,228.4586483885675,122.37961818650282
637,2024-07-12 00:00:00-04:00,232.19235451956484,225.137532847482,121.54912490075462
638,2024-07-15 00:00:00-04:00,233.7157393598389,226.4850996333532,122.50820465001216
639,2024-07-16 00:00:00-04:00,233.8552177672823,226.62349323082935,122.69128777018577
640,2024-07-17 00:00:00-04:00,227.0835636495032,220.12520977271595,121.80416676845736
641,2024-07-18 00:00:00-04:00,226.4632300887966,219.54933810909205,121.74094247520976
642,2024-07-19 00:00:00-04:00,226.44324186283797,219.5596046767785,120.4134825716038
643,2024-07-22 00:00:00-04:00,224.0902981121796,217.2919473265028,120.53992747297228
644,2024-07-23 00:00:00-04:00,225.75486306279183,218.8113460897121,120.8755795214216
645,2024-07-24 00:00:00-04:00,225.33007119445816,218.43230398707627,119.63747644829054
646,2024-07-25 00:00:00-04:00,219.8453152750782,213.69270525005368,118.00049659906108
647,2024-07-26 00:00:00-04:00,221.5939454424404,215.47532275235807,118.20323970716052
648,2024-07-29 00:00:00-04:00,220.59820870505104,214.494617744096,119.0184494749272
649,2024-07-30 00:00:00-04:00,220.50483809142196,214.3396710904116,119.07076189189743
650,2024-07-31 00:00:00-04:00,222.0110525710968,216.04128338187144,119.6636435469393
651,2024-08-01 00:00:00-04:00,226.74787213534972,219.89117581904335,120.44618114772048
652,2024-08-02 00:00:00-04:00,214.9624172174243,210.16198701402035,116.77983776496283
653,2024-08-05 00:00:00-04:00,203.57412195516864,203.25981174961527,111.52449530377469
654,2024-08-06 00:00:00-04:00,212.58495192916288,208.0713060363088,113.17672122153157
655,2024-08-07 00:00:00-04:00,216.2232569021708,210.8501794738665,115.19297220285031
656,2024-08-08 00:00:00-04:00,215.57673860419985,210.23024269362813,114.19901728670006
657,2024-08-09 00:00:00-04:00,218.6030313430612,212.65703407488772,115.48507381630664
658,2024-08-12 00:00:00-04:00,222.6562661323257,215.94364511419167,116.44417453504936
659,2024-08-13 00:00:00-04:00,225.55174735948123,218.3927725619328,116.94986736147288
660,2024-08-14 00:00:00-04:00,230.7793139983393,223.15648893767167,118.32746010565732
661,2024-08-15 00:00:00-04:00,233.99068333945223,226.2268593164144,119.77699618424543
662,2024-08-16 00:00:00-04:00,235.9624815855212,228.10402735980028,120.19549945026138
663,2024-08-19 00:00:00-04:00,236.50554923811512,228.582301064944,120.91698928784568
664,2024-08-20 00:00:00-04:00,239.23605696840315,231.25029775629463,121.88045614333524
665,2024-08-21 00:00:00-04:00,237.63531438391013,229.67647867667827,122.0155763037416
666,2024-08-22 00:00:00-04:00,240.14519632301327,232.15438388967496,122.62371018579756
667,2024-08-23 00:00:00-04:00,237.1036154361915,229.1307920261504,121.96327643158016
668,2024-08-26 00:00:00-04:00,238.96311736223515,230.9287006138812,122.75888247341558
669,2024-08-27 00:00:00-04:00,235.4067804961256,227.46021173691176,121.95456963210547
670,2024-08-28 00:00:00-04:00,236.97629835703415,228.97295241667868,122.3294957700254
671,2024-08-29 00:00:00-04:00,234.60738297884612,226.64272455178667,122.13328444927812
672,2024-08-30 00:00:00-04:00,234.80339432161105,226.80942019104427,122.23355423101052
673,2024-09-03 00:00:00-04:00,233.8584465739724,225.850783113076,122.16816633479834
674,2024-09-04 00:00:00-04:00,225.91502427559405,218.24570362618533,119.9295967032692
675,2024-09-05 00:00:00-04:00,225.8071511081587,218.10534226673155,120.0799796011584
676,2024-09-06 00:00:00-04:00,221.6308749820027,214.4171725488252,119.8728958566562
677,2024-09-09 00:00:00-04:00,218.2938073622419,211.62613694969968,118.7198272217824
678,2024-09-10 00:00:00-04:00,221.66176017035585,214.54828673280585,119.5284992560245
679,2024-09-11 00:00:00-04:00,222.76052945005063,214.95878897593664,119.6026304736252
680,2024-09-12 00:00:00-04:00,229.18739618076063,221.1433827137039,120.97804780161457
681,2024-09-13 00:00:00-04:00,234.82303100725835,226.73506460597483,122.00251676495589
682,2024-09-16 00:00:00-04:00,233.8839810041019,225.78393334446463,122.44498814831826
683,2024-09-17 00:00:00-04:00,233.68919351460707,225.5842940052611,123.17737455628397
684,2024-09-18 00:00:00-04:00,232.45073575313197,224.3436633606908,122.88096117153992
685,2024-09-19 00:00:00-04:00,235.9985294486061,227.8881836226588,124.4656372872297
686,2024-09-20 00:00:00-04:00,235.51947546227456,227.40837080412385,124.1542958429788
687,2024-09-23 00:00:00-04:00,237.9918002034781,229.87949466147296,124.48226844521984
688,2024-09-24 00:00:00-04:00,239.792501648651,231.68004840032225,124.7315136813442
689,2024-09-25 00:00:00-04:00,242.17263462404287,234.06008882835687,124.87583319576828
690,2024-09-26 00:00:00-04:00,242.36670833282207,234.2542174778725,125.58421954331388
691,2024-09-27 00:00:00-04:00,241.7498241872877,233.6372756329026,125.36775937351484
692,2024-09-30 00:00:00-04:00,237.50097328203373,229.3884240266168,124.71837642949026
693,2024-10-01 00:00:00-04:00,239.84183470320608,231.72928543927492,125.36996077580731
694,2024-10-01 00:00:00-04:00,239.84185209263975,231.72928543927492,125.36996077580731
695,2024-10-02 00:00:00-04:00,239.18647948496363,231.23733611173787,124.1258840172278
696,2024-10-03 00:00:00-04:00,241.60528132423576,233.3593509139673,124.0493512620407
697,2024-10-04 00:00:00-04:00,245.96660472036712,237.330122086298,125.1403831377878
698,2024-10-07 00:00:00-04:00,246.4015340721354,237.6912823052156,124.9108087283218
699,2024-10-08 00:00:00-04:00,248.0091765885536,239.1699696750882,124.71841440253206
700,2024-10-09 00:00:00-04:00,250.1554697738784,241.1406524846108,125.31748261571668
701,2024-10-10 00:00:00-04:00,252.4838102567945,243.33379918837167,125.88814680780682
702,2024-10-11 00:00:00-04:00,251.538357315786,242.41584224391104,125.94933474350562
703,2024-10-14 00:00:00-04:00,254.29451789485097,245.00093982492317,127.07973233873872
704,2024-10-15 00:00:00-04:00,252.9910374242288,243.70163669983887,127.8165645468926
705,2024-10-16 00:00:00-04:00,249.6553701915867,240.48776818625973,126.76489011598856
706,2024-10-17 00:00:00-04:00,253.5760009794005,244.2299721711541,128.10517929673807
707,2024-10-18 00:00:00-04:00,253.41936560019505,244.0719634173765,127.70287161057088
708,2024-10-21 00:00:00-04:00,252.45657871118092,243.08724315414912,127.6547643677702
709,2024-10-22 00:00:00-04:00,252.0108643747759,242.68866537967415,127.0425742635282
710,2024-10-23 00:00:00-04:00,249.12546138436608,240.0070149828817,127.08848851874592
711,2024-10-24 00:00:00-04:00,246.64839443586797,237.63014786205932,126.80862650571667
712,2024-10-25 00:00:00-04:00,246.42942334265703,237.4417183840764,127.14316106792204
713,2024-10-28 00:00:00-04:00,244.9227836270921,235.98529665654752,127.37710159598127
714,2024-10-29 00:00:00-04:00,243.91620086656883,235.08740830275465,126.78019872608104
715,2024-10-30 00:00:00-04:00,241.56574118244896,233.32445415711848,127.09504990392588
716,2024-10-31 00:00:00-04:00,240.75992751876024,232.2093205884401,125.84223465626052
717,2024-11-01 00:00:00-04:00,237.74070894191465,229.41534613856885,124.91517978446336
718,2024-11-04 00:00:00-05:00,236.4679919452419,228.3092986967289,124.8845559210786
719,2024-11-05 00:00:00-05:00,237.89023751973997,229.6697847449113,124.78835770167646
720,2024-11-06 00:00:00-05:00,245.9732047496724,237.17885031597575,128.82453144223666
721,2024-11-07 00:00:00-05:00,246.56910017640135,238.15713538444857,129.6728432672671
722,2024-11-08 00:00:00-05:00,248.30196157851705,239.64389680294587,130.34845908763683
723,2024-11-11 00:00:00-05:00,250.3166299822186,241.2298454947561,131.14431524831875
724,2024-11-12 00:00:00-05:00,248.02070946972628,238.95827901182133,130.897254260503
725,2024-11-13 00:00:00-05:00,245.5660902542373,236.72323201972355,130.6108274625492
726,2024-11-14 00:00:00-05:00,245.44112503050903,236.67466820496904,130.59991666306132
727,2024-11-15 00:00:00-05:00,238.7240768579639,230.82898009665848,128.93819143603903
728,2024-11-18 00:00:00-05:00,234.0037081373595,227.05964306382825,128.17294439472178
729,2024-11-19 00:00:00-05:00,234.47753228532483,227.88307266900352,127.8428199678993
730,2024-11-20 00:00:00-05:00,236.21242450229036,229.0776912994448,129.08250492523604
731,2024-11-21 00:00:00-05:00,238.3319911578413,230.82521190344457,129.7428027133147
732,2024-11-22 00:00:00-05:00,237.89226211074447,229.94994810826924,129.79966238929424
733,2024-11-25 00:00:00-05:00,236.14690757505196,228.38060723599688,131.08091653879222
734,2024-11-26 00:00:00-05:00,234.2072952836079,226.1380621565165,130.92347226736717
735,2024-11-27 00:00:00-05:00,232.7436302283111,224.5019360211215,131.2864412309976
736,2024-11-29 00:00:00-05:00,231.7784049459869,223.5425985705804,131.11150260527137
737,2024-12-02 00:00:00-05:00,234.4466294611164,225.80943170846984,131.83523137307657
738,2024-12-03 00:00:00-05:00,235.06336754616956,226.4300916582861,131.9270541906191
739,2024-12-04 00:00:00-05:00,240.2351734232836,231.41943783104543,132.41680809666943
740,2024-12-05 00:00:00-05:00,238.92372423481007,230.15582531064732,132.86064053815207
741,2024-12-06 00:00:00-05:00,238.33071961933388,229.5482710216164,132.8125824034368
742,2024-12-09 00:00:00-05:00,240.049276665816,231.31726744463808,132.86724557153093
743,2024-12-10 00:00:00-05:00,238.6860302989416,230.07332401601195,132.3599609082252
744,2024-12-11 00:00:00-05:00,238.4281291243634,229.73067653859437,132.44961429770018
745,2024-12-12 00:00:00-05:00,237.79309387770783,229.4892667731418,132.6245419773756
746,2024-12-13 00:00:00-05:00,251.81091465285763,243.8948589847378,132.5851794779584
747,2024-12-16 00:00:00-05:00,257.9237309806917,249.80978994254093,132.4977192601433
748,2024-12-17 00:00:00-05:00,258.21306926920903,250.67364720707317,132.1019607011437
749,2024-12-18 00:00:00-05:00,259.2590552205717,251.64630239130705,132.0560562884247
750,2024-12-19 00:00:00-05:00,252.47423030007636,245.55258629416716,129.2967960037182
751,2024-12-20 00:00:00-05:00,249.43912669278453,242.13419945964745,127.62812475874505
752,2024-12-23 00:00:00-05:00,254.12161416682028,246.4068710947465,129.62885088060733
753,2024-12-24 00:00:00-05:00,261.62843115109524,253.8926894461328,130.7630301762809
754,2024-12-26 00:00:00-05:00,261.8466245714347,253.85180301475827,131.51768598366948
755,2024-12-27 00:00:00-05:00,263.7181632730108,255.7165933291845,131.0877126603706
756,2024-12-30 00:00:00-05:00,257.1065481921755,249.2649942095353,128.97071739260957
757,2024-12-31 00:00:00-05:00,258.13642441606186,250.493337247251,129.41384934116664
758,2025-01-02 00:00:00-05:00,258.8361197176036,250.493337247251,129.2997628619581
759,2025-01-03 00:00:00-05:00,258.19965537302227,249.9064217830674,128.89172854771772
760,2025-01-06 00:00:00-05:00,262.0959408924621,253.37174177576117,130.80912391732363
761,2025-01-07 00:00:00-05:00,263.39648105572587,254.6422075915021,131.06139301670305
762,2025-01-08 00:00:00-05:00,255.53342444899724,247.42997543990728,129.14840744908943
763,2025-01-10 00:00:00-05:00,254.44273377336484,246.3570085598476,128.529750979946
764,2025-01-13 00:00:00-05:00,248.34821911302285,241.01403389470383,126.31185772861616
765,2025-01-14 00:00:00-05:00,254.4281858729188,246.1541368461573,128.1962942981511
766,2025-01-15 00:00:00-05:00,254.10081514457028,245.81101653703132,129.5059930634949
767,2025-01-16 00:00:00-05:00,258.43220098332324,249.6669816528872,130.3483998136266
768,2025-01-17 00:00:00-05:00,258.9502770359424,250.10321576366232,130.96049714591302
769,2025-01-21 00:00:00-05:00,261.7396841332757,252.6686659098636,131.7743637138428
770,2025-01-22 00:00:00-05:00,266.1236630329024,256.75261240496707,132.92611943102688
771,2025-01-23 00:00:00-05:00,262.46984582147286,253.2146303956124,132.8997873939152
772,2025-01-24 00:00:00-05:00,266.0980586186748,256.585003720811,133.77948551111123
773,2025-01-27 00:00:00-05:00,246.08217290027332,238.7547791823889,130.48880451807426
774,2025-01-28 00:00:00-05:00,242.9684325731636,236.47785393930127,131.76340267900474
775,2025-01-29 00:00:00-05:00,242.7634303300516,236.09008627000068,132.44348740361613
776,2025-01-30 00:00:00-05:00,246.7080723330476,238.8692154907853,132.49611825384616
777,2025-01-31 00:00:00-05:00,248.84328760426828,240.72624943513532,133.27272378148572
778,2025-02-03 00:00:00-05:00,241.533603045327,234.24783085123,130.01933259152094
779,2025-02-04 00:00:00-05:00,243.8105955553244,236.0309461016788,131.1513414575932
780,2025-02-05 00:00:00-05:00,253.6748932890034,244.7168345085763,131.76780409064568
781,2025-02-06 00:00:00-05:00,255.89944179287056,246.76273118679885,132.94146247978085
782,2025-02-07 00:00:00-05:00,257.183189513018,247.968510395594,133.13891977299977
783,2025-02-10 00:00:00-05:00,254.3461515144573,245.3259504499744,132.51149656514443
784,2025-02-11 00:00:00-05:00,258.1468345735237,248.78419026135464,132.18680344705584
785,2025-02-12 00:00:00-05:00,255.85935334031967,246.58233118360087,131.45190495818008
786,2025-02-13 00:00:00-05:00,258.5347580848054,249.14504870807653,132.6102096995932
787,2025-02-14 00:00:00-05:00,259.2356739257933,249.93224867822852,133.80799636436333
788,2025-02-18 00:00:00-05:00,258.0592021695327,248.7788452804773,134.01423137365103
789,2025-02-19 00:00:00-05:00,257.5975911052112,248.317799080824,133.83873563223293
790,2025-02-20 00:00:00-05:00,258.348809620851,249.04288426220236,134.15902869348608
791,2025-02-21 00:00:00-05:00,258.3712278206483,248.95789685794583,133.85628758543018
792,2025-02-24 00:00:00-05:00,254.48299768087895,245.2472834602497,132.0705314009361
793,2025-02-25 00:00:00-05:00,248.10940629823637,240.198316328803,131.00215965800865
794,2025-02-26 00:00:00-05:00,247.94904515209575,239.93145380608104,130.73451414377712
795,2025-02-27 00:00:00-05:00,254.1911289776252,244.93275757943235,130.93633575999218
796,2025-02-28 00:00:00-05:00,239.69581191586695,234.2576852801249,128.45955071166946
797,2025-03-03 00:00:00-05:00,246.46876077217547,238.62889817692505,130.7893575230294
798,2025-03-04 00:00:00-05:00,234.49976452294916,231.09939330924044,127.17619453138616
799,2025-03-05 00:00:00-05:00,236.54948439138423,231.92847746898948,126.51364540234292
800,2025-03-06 00:00:00-05:00,231.7365643983883,231.176593645737,126.24820934006478
801,2025-03-07 00:00:00-05:00,234.2887083987937,231.1546806158501,125.24346332586178
802,2025-03-10 00:00:00-04:00,234.71270668928847,230.73092949840589,124.5173369640776
803,2025-03-11 00:00:00-04:00,232.98371338776053,229.67524267434925,122.72061271003167
804,2025-03-12 00:00:00-04:00,236.0499181340772,229.64119243836177,123.3282848120119
805,2025-03-13 00:00:00-04:00,234.94549811675745,229.38883300450016,122.52095354433315
806,2025-03-14 00:00:00-04:00,236.5176967780789,229.91096738759785,121.9988490262356
807,2025-03-17 00:00:00-04:00,235.8153898968972,231.84349843090737,123.46426866047312
808,2025-03-18 00:00:00-04:00,237.3265799238285,232.4253442698404,123.90523469605957
809,2025-03-19 00:00:00-04:00,236.2522907997728,231.73382799151327,123.4730565656977
810,2025-03-20 00:00:00-04:00,238.00507600693007,232.3979606626636,123.582770216841
811,2025-03-21 00:00:00-04:00,237.50036290463729,233.1331684192156,123.06336603591888
812,2025-03-24 00:00:00-04:00,238.102235970486,231.52559898395631,125.59821166674844
813,2025-03-25 00:00:00-04:00,238.6855322330589,233.13750417830863,126.5883902373469
814,2025-03-26 00:00:00-04:00,236.5185109403761,232.6594838852524,126.5641797336082
815,2025-03-27 00:00:00-04:00,229.99905379310567,230.0514232529323,124.80166056797565
816,2025-03-28 00:00:00-04:00,227.29568069506732,229.83625865568013,124.43860988708856
817,2025-03-31 00:00:00-04:00,221.46992232108244,227.2358618133416,120.98400482630348
818,2025-04-01 00:00:00-04:00,224.8154969206861,229.7573197407305,122.66070549767326
819,2025-04-01 00:00:00-04:00,224.81550175395856,229.7573197407305,122.66070549767326
820,2025-04-02 00:00:00-04:00,223.15293746639395,228.26130717619088,122.13259607414147
821,2025-04-03 00:00:00-04:00,218.6839520454934,224.4050092038132,119.94539617315588
822,2025-04-04 00:00:00-04:00,207.92796929824888,215.9993091237173,115.22778363827769
823,2025-04-07 00:00:00-04:00,193.8691721450955,206.4427402868681,107.64084399972457
824,2025-04-08 00:00:00-04:00,215.1102901324468,221.9091195897066,114.82950568421307
825,2025-04-09 00:00:00-04:00,205.259735717232,214.91944649525348,108.57600816869332
826,2025-04-10 00:00:00-04:00,219.86807171964816,226.56108721089635,117.09811185013604
827,2025-04-11 00:00:00-04:00,217.3013178972685,225.00253136562517,115.08254856336148
828,2025-04-14 00:00:00-04:00,228.100008655555,233.8265772861629,119.71216058526034
829,2025-04-15 00:00:00-04:00,224.4750644081863,230.5440570758664,118.74839736758676
830,2025-04-16 00:00:00-04:00,218.69676980046776,225.05942727397044,116.990288556527
831,2025-04-17 00:00:00-04:00,223.33276603452097,229.04826018877745,116.10133982208096
832,2025-04-21 00:00:00-04:00,217.9265715044868,223.80641842911,114.67548277321936
833,2025-04-22 00:00:00-04:00,217.59514546774,223.3537492564014,114.45104770199517
834,2025-04-23 00:00:00-04:00,226.27833608507,231.05149114577557,118.91562000967528
835,2025-04-24 00:00:00-04:00,226.2939778447848,231.18070146633252,118.09928084033524
836,2025-04-25 00:00:00-04:00,231.5999434052624,236.2340962573437,120.28428555609102
837,2025-04-28 00:00:00-04:00,235.25985971726948,239.6082083840943,121.32726775790483
838,2025-04-29 00:00:00-04:00,234.66203215742732,239.18564210075152,120.78155331488342
839,2025-04-30 00:00:00-04:00,231.8880623541845,236.51604436859247,120.48672004776684
840,2025-05-01 00:00:00-04:00,237.0026938258296,241.77329135272612,123.30319875368204
841,2025-05-02 00:00:00-04:00,240.6004698738185,244.93987155710352,124.2625839315514
842,2025-05-05 00:00:00-04:00,236.40449980565523,241.2273254515683,123.78728555082463
843,2025-05-06 00:00:00-04:00,233.60437110381213,238.6092648455991,122.76630710939143
844,2025-05-07 00:00:00-04:00,234.41476145868828,239.26265331685408,123.25480562614744
845,2025-05-08 00:00:00-04:00,239.67227123530415,244.43752786983373,124.37478320061112
846,2025-05-09 00:00:00-04:00,240.24159621446813,244.79698608747637,124.64764710887071
847,2025-05-12 00:00:00-04:00,246.5371435995006,250.79525909066209,127.94602985607212
848,2025-05-13 00:00:00-04:00,248.9824405583764,253.0123961382425,128.37290470886091
849,2025-05-14 00:00:00-04:00,253.79455133849643,257.8827780791486,129.34107140165102
850,2025-05-15 00:00:00-04:00,252.68292064654275,257.17019944414017,128.845982928861
851,2025-05-16 00:00:00-04:00,256.4024415723781,260.3781218763311,130.09801136996853
852,2025-05-19 00:00:00-04:00,250.8361197134377,254.762241330354,129.4048792598996
853,2025-05-20 00:00:00-04:00,253.1467835224813,257.1752787955384,130.50287953807486
854,2025-05-21 00:00:00-04:00,253.1089053492008,257.48312311747435,129.47969253678684
855,2025-05-22 00:00:00-04:00,250.3300972786548,255.3267303512852,128.20787096024557
856,2025-05-23 00:00:00-04:00,248.3258354241343,253.5476056470312,126.73801185970588
857,2025-05-27 00:00:00-04:00,253.0834055889204,257.856781659091,128.95822010039117
858,2025-05-28 00:00:00-04:00,256.60355836322714,261.0701292450956,130.16623082541795
859,2025-05-29 00:00:00-04:00,260.64361431673416,265.5630199942541,130.4962728395098
860,2025-05-30 00:00:00-04:00,258.0396375430876,262.89395169145865,129.5875307513581
861,2025-06-02 00:00:00-04:00,259.4428476629101,263.78054263847844,129.33008204908717
862,2025-06-03 00:00:00-04:00,263.5801219644066,267.9368251829408,130.33784562037968
863,2025-06-04 00:00:00-04:00,268.9985791638727,273.0528781582538,131.3544280964865
864,2025-06-05 00:00:00-04:00,271.4051720522595,275.5666259197732,131.5018532511053
865,2025-06-06 00:00:00-04:00,265.75323612199867,269.9432291200077,131.72848447854187
866,2025-06-09 00:00:00-04:00,264.2738475857807,268.0598865734928,131.96172883608017
867,2025-06-10 00:00:00-04:00,264.5690466502305,268.05615577033416,132.07173954303025
868,2025-06-11 00:00:00-04:00,266.9641508437358,270.2112267687446,132.94532283749348
869,2025-06-12 00:00:00-04:00,267.7414825602967,270.8925209296682,132.02554550944564
870,2025-06-13 00:00:00-04:00,270.871962253208,273.8757046617817,131.69330620026122
871,2025-06-16 00:00:00-04:00,271.2306830068036,274.22342964039365,132.11136808944482
872,2025-06-17 00:00:00-04:00,271.2275854387676,274.1918158401608,132.06955606944734
873,2025-06-18 00:00:00-04:00,271.1969743335426,274.1591469342045,131.68008675798634
874,2025-06-20 00:00:00-04:00,271.6282180782988,274.5819238541607,132.05614405540126
875,2025-06-23 00:00:00-04:00,270.0505441535336,272.99173510731106,131.31902057050092
876,2025-06-24 00:00:00-04:00,272.173917801713,275.1420717583585,133.36922892736712
877,2025-06-25 00:00:00-04:00,275.9296146473297,278.9152567495079,134.15929882670895
878,2025-06-26 00:00:00-04:00,278.010640314536,280.9645487890787,134.39764128404985
879,2025-06-27 00:00:00-04:00,280.5194029805574,283.458435173453,135.25612524268266
880,2025-06-30 00:00:00-04:00,282.3769014970864,285.31217303725066,136.24922952956723
881,2025-07-01 00:00:00-04:00,281.9350712330909,284.86992402314894,136.02412806593304
