Date,Open,price_with_put,SPY
2023-01-03 00:00:00-05:00,100.0,100.0,100.0
2023-01-04 00:00:00-05:00,98.91518320210399,99.06091047968516,99.69040052630584
2023-01-05 00:00:00-05:00,98.18623415561433,98.55593509799942,99.31056779181029
2023-01-06 00:00:00-05:00,98.50323044280124,98.82797343826014,99.54211032320006
2023-01-09 00:00:00-05:00,98.80390297641075,98.93948354031544,101.5609917752782
2023-01-10 00:00:00-05:00,97.41990269371345,97.9691342341408,100.74927299953062
2023-01-11 00:00:00-05:00,98.8219295729474,98.94077344658422,102.04491016519276
2023-01-12 00:00:00-05:00,99.75176942580765,99.63186050387725,103.20005004529993
2023-01-13 00:00:00-05:00,97.83711663170686,98.33633409403114,102.4065453858486
2023-01-17 00:00:00-05:00,99.15410808068118,99.26430481676202,103.67094641434397
2023-01-18 00:00:00-05:00,99.63205023271426,99.77201175762681,103.80881133885366
2023-01-19 00:00:00-05:00,97.96351530531066,98.45168608718123,101.29824630068471
2023-01-20 00:00:00-05:00,99.05611648147472,99.33306283715078,101.49075401049745
2023-01-23 00:00:00-05:00,101.20211357764596,101.13938076342008,103.21304726795614
2023-01-24 00:00:00-05:00,101.9721556698765,101.87563242406144,103.77501778858789
2023-01-25 00:00:00-05:00,102.00074774242962,101.69730701628801,103.01272714033134
2023-01-26 00:00:00-05:00,103.9610266909142,103.28491197411186,104.8807186779707
2023-01-27 00:00:00-05:00,104.61876741748459,103.7302268185212,105.01861608779481
2023-01-30 00:00:00-05:00,104.9719284338094,104.00489578452108,104.7948594729243
2023-01-31 00:00:00-05:00,104.04521194295128,103.09599655061601,104.36038869139925
2023-02-01 00:00:00-05:00,105.08817837699,104.05199086190389,105.42184422659386
2023-02-02 00:00:00-05:00,108.13847971867357,107.05239709025832,107.93247065260753
2023-02-03 00:00:00-05:00,107.1589180865823,106.07016519479373,107.0817320150212
2023-02-06 00:00:00-05:00,107.25584152777286,106.00182407760158,106.61343026553028
2023-02-07 00:00:00-05:00,109.03647476909042,107.56730944757797,106.3740582369677
2023-02-08 00:00:00-05:00,108.90599586696092,107.56602531474222,107.48237666641558
2023-02-09 00:00:00-05:00,109.34717433025698,107.86743485851954,107.81539755342362
2023-02-10 00:00:00-05:00,106.9251085160312,105.5708392132165,105.5909677009085
2023-02-13 00:00:00-05:00,107.99407551334411,106.45007559288393,106.33506003461433
2023-02-14 00:00:00-05:00,107.63938031891125,106.11646265215583,106.99065559722747
2023-02-15 00:00:00-05:00,108.3677957197425,106.83492452415726,106.75912644524927
2023-02-16 00:00:00-05:00,107.86528943911505,106.33121917193193,106.35325345395194
2023-02-17 00:00:00-05:00,106.71426965161137,105.25492883772709,105.64300461899884
2023-02-21 00:00:00-05:00,106.45233177699727,104.90025824912061,104.8625087733205
2023-02-22 00:00:00-05:00,105.53014130292719,104.05043853212483,103.9415084501365
2023-02-23 00:00:00-05:00,108.05499307389667,106.52712505327266,104.47225504441663
2023-02-24 00:00:00-05:00,106.9432943157837,105.57114579600801,102.87485156616255
2023-02-27 00:00:00-05:00,107.67256183802671,106.18884582527319,104.03256325161402
2023-02-28 00:00:00-05:00,107.19685477555618,105.7368820027617,103.34572985495844
2023-03-01 00:00:00-05:00,106.90873956545434,105.41316889953318,102.87223665844552
2023-03-02 00:00:00-05:00,106.10516756802511,104.62255980745375,102.16198065565658
2023-03-03 00:00:00-05:00,108.67966316787125,106.9678515612435,103.99095712597416
2023-03-06 00:00:00-05:00,109.70424537775413,107.90045696758914,105.38022952996579
2023-03-07 00:00:00-05:00,110.28135409829893,108.42293639886363,105.21633743036391
2023-03-08 00:00:00-05:00,109.74360026013885,107.89708605490267,103.64753521576831
2023-03-09 00:00:00-05:00,110.5965563971826,108.7302493090009,103.99875160126389
2023-03-10 00:00:00-05:00,108.5014784744307,106.70510989845346,101.7222991234566
2023-03-13 00:00:00-04:00,106.68167517743106,104.93377698157147,99.33397474687149
2023-03-14 00:00:00-04:00,109.20335168407868,107.32433492115132,101.59480695718763
2023-03-15 00:00:00-04:00,109.0290820184782,107.14449779553452,100.39545480581138
2023-03-16 00:00:00-04:00,109.63050092805804,107.71902267749078,100.63741501364858
2023-03-17 00:00:00-04:00,113.0852028846042,111.14237301134244,102.69293151160176
2023-03-20 00:00:00-04:00,112.13399200723892,110.19345906856812,102.06091359788884
2023-03-21 00:00:00-04:00,114.25502838265982,112.2896865145412,103.74276770660418
2023-03-22 00:00:00-04:00,114.95907644602288,112.99426837370237,104.13189908628362
2023-03-23 00:00:00-04:00,115.0193843256648,113.06127315890556,103.18126266592603
2023-03-24 00:00:00-04:00,114.81629680944587,112.8556658184386,102.33251026181779
2023-03-27 00:00:00-04:00,115.57373851352861,113.60275568998385,103.9725963207236
2023-03-28 00:00:00-04:00,114.03810225758932,112.06707696375386,103.35883584161435
2023-03-29 00:00:00-04:00,114.08690814618718,112.115795640854,104.4452841056952
2023-03-30 00:00:00-04:00,114.45143287322192,112.48016648236532,105.53171138950235
2023-03-31 00:00:00-04:00,114.40757253116999,112.43629835031643,105.68059065711816
2023-04-03 00:00:00-04:00,114.99579259168206,112.43629835031643,106.77482130527112
2023-04-04 00:00:00-04:00,117.47480326676838,114.446181544456,107.498235592973
2023-04-05 00:00:00-04:00,116.98556671411508,113.99252555275008,106.52933300614423
2023-04-06 00:00:00-04:00,116.93558350778805,113.97978804782834,106.23161542181339
2023-04-10 00:00:00-04:00,117.54468164051362,114.37937513423203,106.18983516097363
2023-04-11 00:00:00-04:00,118.83237433311642,115.48133873885958,107.14307074979551
2023-04-12 00:00:00-04:00,117.12404603132916,113.9060035459619,107.56353510873448
2023-04-13 00:00:00-04:00,116.67822863737051,113.54298583771632,106.86101326633627
2023-04-14 00:00:00-04:00,117.25191396036062,113.98552774986108,107.80901718651977
2023-04-17 00:00:00-04:00,116.26706535367836,113.08594580702946,107.69410700332149
2023-04-18 00:00:00-04:00,119.06184730368341,115.5043021505592,108.53242060932078
2023-04-19 00:00:00-04:00,118.3794766408389,115.00058357667271,107.65495162873003
2023-04-20 00:00:00-04:00,118.10525358626266,114.6672879667319,107.39115820660544
2023-04-21 00:00:00-04:00,117.43354217311621,113.9803753391538,107.64709897042925
2023-04-24 00:00:00-04:00,116.53828671878554,113.0709392760409,107.5948648961902
2023-04-25 00:00:00-04:00,116.57671600155157,113.05693194537646,107.22662730724998
2023-04-26 00:00:00-04:00,115.26487585666686,111.93027026558097,106.2185620740274
2023-04-27 00:00:00-04:00,114.13811352812861,110.95845395058743,106.29168654408015
2023-04-28 00:00:00-04:00,115.18584541736483,111.7461133066068,107.46427727294567
2023-05-01 00:00:00-04:00,115.80158238582342,112.18955995097544,108.50369470686606
2023-05-02 00:00:00-04:00,116.85554777164775,113.09613585514157,108.3208701618485
2023-05-03 00:00:00-04:00,114.5084387885292,111.08022906449828,107.43033270062566
2023-05-04 00:00:00-04:00,113.67028731624195,110.40064058856792,106.2734040080091
2023-05-05 00:00:00-04:00,113.64855043922381,110.33693184144917,106.79049889949091
2023-05-08 00:00:00-04:00,114.9734208999669,111.34441099511542,107.85080226699638
2023-05-09 00:00:00-04:00,115.68334700888127,111.96221830401929,107.3702572709774
2023-05-10 00:00:00-04:00,115.68675440614287,111.94358817801609,108.08846521085191
2023-05-11 00:00:00-04:00,117.53347567702153,113.62963220708258,107.58441948662544
2023-05-12 00:00:00-04:00,117.8222496772656,113.83578615655816,107.9683151267884
2023-05-15 00:00:00-04:00,117.47020841774919,113.45764308780892,107.65492907704767
2023-05-16 00:00:00-04:00,118.06892994276828,113.9676467378142,107.56091561566474
2023-05-17 00:00:00-04:00,119.50365979473827,115.36839696640388,107.68888145823466
2023-05-18 00:00:00-04:00,121.30940630237035,116.97043818492791,108.3548469142128
2023-05-19 00:00:00-04:00,123.53461427617,119.070888945269,109.73114751277487
2023-05-22 00:00:00-04:00,122.4471508754882,118.01717262731681,109.3315663489521
2023-05-23 00:00:00-04:00,122.82726256945911,118.4184788826471,108.9241572130769
2023-05-24 00:00:00-04:00,121.26515308342624,116.84899952288505,107.70715971346532
2023-05-25 00:00:00-04:00,129.19609343370354,124.72352720886306,108.3130437050459
2023-05-26 00:00:00-04:00,127.9787548041125,123.71969676258175,108.46714126358613
2023-05-30 00:00:00-04:00,132.55473420882385,128.05134858549215,110.21689798394608
2023-05-31 00:00:00-04:00,130.3624317038272,125.85334414293658,109.23756942294037
2023-06-01 00:00:00-04:00,129.65569043797686,125.10387264267987,109.18792856868242
2023-06-02 00:00:00-04:00,131.94201577000288,127.22634631421721,110.86194566816806
2023-06-05 00:00:00-04:00,131.68082041151848,126.86128511270174,111.84915214646378
2023-06-06 00:00:00-04:00,132.09807718149133,127.27157334518515,111.42869573379357
2023-06-07 00:00:00-04:00,132.45784795881187,127.60887760149724,111.89093555371547
2023-06-08 00:00:00-04:00,130.52225481910594,125.63164733102509,111.41563034473005
2023-06-09 00:00:00-04:00,132.15754538245682,127.22437931044936,112.28788417866546
2023-06-12 00:00:00-04:00,132.30685826641601,127.36350958208415,112.53859518426383
2023-06-13 00:00:00-04:00,133.65412677168786,128.74162170192736,113.6877140470976
2023-06-14 00:00:00-04:00,133.0914411142272,128.21069449474916,114.12906723642182
2023-06-15 00:00:00-04:00,135.23041370140334,130.30959537272057,113.9514695819991
2023-06-16 00:00:00-04:00,137.27151944457097,132.30839555810957,116.12839588828027
2023-06-20 00:00:00-04:00,135.81461935852994,130.81732482381761,114.6683507851523
2023-06-21 00:00:00-04:00,136.3528052103933,131.34540221761358,114.33020736660512
2023-06-22 00:00:00-04:00,134.86197159549866,129.84643288302317,113.75089868028222
2023-06-23 00:00:00-04:00,135.11655133640684,130.0973069066863,113.48351778663523
2023-06-26 00:00:00-04:00,134.02767702452905,129.00488979491803,113.40225931183566
2023-06-27 00:00:00-04:00,131.27499549530606,126.25232413994283,113.33148139139129
2023-06-28 00:00:00-04:00,131.43840286125456,126.4119166980028,114.03922466380497
2023-06-29 00:00:00-04:00,132.60690070566883,127.58027637706137,114.27776281617585
2023-06-30 00:00:00-04:00,134.2431798381121,129.21459083799766,115.71425097981421
2023-07-03 00:00:00-04:00,134.83891967851247,129.21459083799766,116.1021982690108
2023-07-05 00:00:00-04:00,134.56398589337758,128.93268492847434,115.83743794363764
2023-07-06 00:00:00-04:00,134.3478399616487,128.7253422053173,115.18474293697196
2023-07-07 00:00:00-04:00,134.58071810622397,128.86124189956965,114.9776502640992
2023-07-10 00:00:00-04:00,134.10320913250956,128.45658917926548,114.85969749710665
2023-07-11 00:00:00-04:00,133.9849868500586,128.42515072275847,115.45472280028851
2023-07-12 00:00:00-04:00,135.93672728097386,129.91744203272725,117.0117794996192
2023-07-13 00:00:00-04:00,137.27055079983103,130.94892541486732,117.40759567138839
2023-07-14 00:00:00-04:00,140.42165095637515,133.61854481602143,118.08390100271882
2023-07-17 00:00:00-04:00,140.56606397269888,133.6093463127372,117.72999309435245
2023-07-18 00:00:00-04:00,141.67192031267604,134.60366738613757,118.0891365387791
2023-07-19 00:00:00-04:00,140.2492739808743,133.35358454032786,119.27133460586948
2023-07-20 00:00:00-04:00,138.17835746475188,131.5556655952226,119.05115169056369
2023-07-21 00:00:00-04:00,137.58354951445534,131.01855367509634,118.99609883153332
2023-07-24 00:00:00-04:00,137.08324234626926,130.39543874134787,118.84143894250893
2023-07-25 00:00:00-04:00,136.8473858484393,130.1789693058169,118.98560100996802
2023-07-26 00:00:00-04:00,140.51376377836093,133.25032832619394,119.12977099505379
2023-07-27 00:00:00-04:00,141.06939642741116,133.73626987905885,120.32244246253791
2023-07-28 00:00:00-04:00,140.43314162793524,133.18298802045416,119.4993773590611
2023-07-31 00:00:00-04:00,141.2866513867197,133.84424748917422,119.90044004671267
2023-08-01 00:00:00-04:00,140.1442628161254,132.7960225817157,119.60160405638554
2023-08-02 00:00:00-04:00,139.9332203787708,132.52807008382,118.80998165087756
2023-08-03 00:00:00-04:00,137.0101475623037,129.88954495817873,117.4442977516356
2023-08-04 00:00:00-04:00,138.36146233814924,131.12792179802918,118.14678839556939
2023-08-07 00:00:00-04:00,138.2717992539595,130.99797726739553,117.61990900941983
2023-08-08 00:00:00-04:00,138.65146985936076,131.31118339740752,117.45478031192182
2023-08-09 00:00:00-04:00,138.57169811031594,131.1811474125714,117.70378883557089
2023-08-10 00:00:00-04:00,136.58055046088816,129.35246729212358,117.48360882446815
2023-08-11 00:00:00-04:00,135.08605689651526,128.02364940668113,116.37741825798106
2023-08-14 00:00:00-04:00,134.5736452015533,127.4499151725299,116.56879453675029
2023-08-15 00:00:00-04:00,137.9746538089258,130.52504189294294,116.98032236164148
2023-08-16 00:00:00-04:00,136.65770024950865,129.35983248754394,115.98160653327415
2023-08-17 00:00:00-04:00,136.8202965279288,129.44415699037577,115.64083869845071
2023-08-18 00:00:00-04:00,134.88661271922706,127.73423680680665,113.59885778733972
2023-08-21 00:00:00-04:00,136.79099377900354,129.31148330059975,114.69454852372145
2023-08-22 00:00:00-04:00,140.90892847453037,133.1239186144987,115.64607434438872
2023-08-23 00:00:00-04:00,139.5861529439473,131.77974291604554,115.14017534458698
2023-08-24 00:00:00-04:00,144.83899521182258,136.80034610997134,116.56616918123271
2023-08-25 00:00:00-04:00,140.46405483592216,132.58826160407247,114.99075858719578
2023-08-28 00:00:00-04:00,140.1345777883768,132.18162177551616,115.92391496183274
2023-08-29 00:00:00-04:00,140.73659538068932,132.73226714306824,116.03140839026638
2023-08-30 00:00:00-04:00,143.6443394860692,135.49892786245445,117.82962056081189
2023-08-31 00:00:00-04:00,144.95623624632984,136.70184806168461,118.39057333359993
2023-09-01 00:00:00-04:00,145.6939563325759,137.40228860725773,118.7890240380299
2023-09-05 00:00:00-04:00,143.1708357118741,134.88717754634206,118.14942719759799
2023-09-06 00:00:00-04:00,142.69808008636153,134.47767965702656,117.53864190648505
2023-09-07 00:00:00-04:00,137.37150507645143,129.72568266041105,116.15198802714059
2023-09-08 00:00:00-04:00,138.34872312543465,130.55051101530117,116.62120170401067
2023-09-11 00:00:00-04:00,138.69628547803964,130.90773225409794,117.49671038487463
2023-09-12 00:00:00-04:00,136.92022027270062,129.24384515164712,117.15856663674246
2023-09-13 00:00:00-04:00,136.38999613352615,128.72162669890523,116.96720457692186
2023-09-14 00:00:00-04:00,138.43063741618894,130.7135714069146,117.71428526142478
2023-09-15 00:00:00-04:00,138.54952167250892,130.64871092332916,117.62181268790047
2023-09-18 00:00:00-04:00,136.16277242908797,128.1124032991572,116.5459051960471
2023-09-19 00:00:00-04:00,137.5928681779509,129.4392097364556,116.44858582648892
2023-09-20 00:00:00-04:00,137.3349349879166,129.18461596531486,116.79845195200113
2023-09-21 00:00:00-04:00,132.91292830671998,124.97688477527741,114.61246595722672
2023-09-22 00:00:00-04:00,131.80737064766973,124.09595113522845,113.75755668163158
2023-09-25 00:00:00-04:00,131.45200491150678,123.72063892599891,112.89472911515212
2023-09-26 00:00:00-04:00,131.57171213855983,123.93817528814128,112.87369227434739
2023-09-27 00:00:00-04:00,131.0993482726313,123.5679877055894,112.34756892355502
2023-09-28 00:00:00-04:00,131.5998970809769,124.02539385464688,111.92407932812634
2023-09-29 00:00:00-04:00,134.08041707983122,126.32242139424159,113.5523686890082
2023-10-02 00:00:00-04:00,133.3675500266156,126.32242139424159,112.22394216588572
2023-10-03 00:00:00-04:00,134.63743480407166,127.26740843433441,111.81359139093496
2023-10-04 00:00:00-04:00,132.53378916331894,125.51722765367974,111.02705199472086
2023-10-05 00:00:00-04:00,133.58422375599096,126.27983416603954,111.62943884055926
2023-10-06 00:00:00-04:00,132.73356334358587,125.60431707462305,111.00074640781305
2023-10-09 00:00:00-04:00,138.16371491359624,130.04245212796644,112.4764699015522
2023-10-10 00:00:00-04:00,140.63827537279673,132.23717134964707,113.88645287084498
2023-10-11 00:00:00-04:00,140.75183141806937,132.25415371647222,114.5966874217571
2023-10-12 00:00:00-04:00,142.5081974345581,133.770889280466,114.94129542688643
2023-10-13 00:00:00-04:00,142.6934015797173,133.94149959619966,114.48356161778271
2023-10-16 00:00:00-04:00,140.6446622833462,132.0582927390683,114.11793788051821
2023-10-17 00:00:00-04:00,139.45682302595975,130.94894709175597,113.85224168907725
2023-10-18 00:00:00-04:00,139.1591341301835,130.7325173032428,114.21526444100527
2023-10-19 00:00:00-04:00,139.19995389749036,130.75019201582268,113.36296368684165
2023-10-20 00:00:00-04:00,138.7804569093821,130.47560514337565,112.05559133892476
2023-10-23 00:00:00-04:00,136.46885760529895,128.36948689877846,110.37993562567448
2023-10-24 00:00:00-04:00,139.51270421880935,130.95128858918352,111.17961480929874
2023-10-25 00:00:00-04:00,136.6695822753461,128.72896494964877,110.9797090995725
2023-10-26 00:00:00-04:00,133.88062179160417,126.74574825709637,109.5486888614842
2023-10-27 00:00:00-04:00,132.36327099922846,125.42499334124972,108.95417723739267
2023-10-30 00:00:00-04:00,132.73471259034176,125.5861331541567,108.78846351421949
2023-10-31 00:00:00-04:00,133.08679359169165,125.74154396442547,109.47766016480807
2023-11-01 00:00:00-04:00,134.18958044983492,126.84073521517365,110.27208298476954
2023-11-02 00:00:00-04:00,137.14781242397956,128.9436299634494,112.21341814660555
2023-11-03 00:00:00-04:00,138.23524201151284,129.97277690039886,113.93904990815226
2023-11-06 00:00:00-05:00,139.673186044272,131.0906699561386,114.55195625405733
2023-11-07 00:00:00-05:00,140.4170437160333,131.60382059569372,114.60984417323183
2023-11-08 00:00:00-05:00,140.7802294230688,131.8564542993042,115.09912881182383
2023-11-09 00:00:00-05:00,141.84260841711625,132.7443447836873,115.3306108787844
2023-11-10 00:00:00-05:00,141.31954874620266,132.32551932837592,114.68612780895103
2023-11-13 00:00:00-05:00,143.0152757011702,133.75646605720615,115.54104663398817
2023-11-14 00:00:00-05:00,144.76969421044686,135.2956419799281,117.4061087508596
2023-11-15 00:00:00-05:00,145.52942795872758,135.97352043746946,118.40306841887747
2023-11-16 00:00:00-05:00,144.67984879522965,135.1103419120512,118.1689675097142
2023-11-17 00:00:00-05:00,145.66825594751666,136.01386486508116,118.4372592750453
2023-11-20 00:00:00-05:00,144.7023998910178,135.10368554332354,118.5135566851187
2023-11-21 00:00:00-05:00,146.24507856477146,136.49235698717638,119.21064438700478
2023-11-22 00:00:00-05:00,146.7356922633638,136.92596054565712,119.68413893237755
2023-11-24 00:00:00-05:00,146.06107630447184,136.2298668157141,119.70782759268515
2023-11-27 00:00:00-05:00,144.94948858828474,135.14534898220504,119.59733976812878
2023-11-28 00:00:00-05:00,144.44812529409012,134.61633827792002,119.44739606268375
2023-11-29 00:00:00-05:00,145.26684322679228,135.36710564802874,120.2549805882831
2023-11-30 00:00:00-05:00,143.74089069583272,133.9199548090746,119.81566426614806
2023-12-01 00:00:00-05:00,141.99246005540743,132.32336727287236,119.8919544193064
2023-12-04 00:00:00-05:00,140.89030275358448,131.28412269889884,119.84723653334413
2023-12-05 00:00:00-05:00,140.33991139857167,130.78646529723645,119.75779454505394
2023-12-06 00:00:00-05:00,142.17489303458785,132.38824501841157,120.69164212728784
2023-12-07 00:00:00-05:00,142.3398599346831,132.4026185310847,120.19185138591504
2023-12-08 00:00:00-05:00,142.88497617119444,132.94332624325565,120.33651596908237
2023-12-11 00:00:00-05:00,143.80005462648305,133.86486043903233,120.92313185050453
2023-12-12 00:00:00-05:00,143.26751929240467,133.347033310567,121.43346059929883
2023-12-13 00:00:00-05:00,145.61392921182653,135.60987245437173,122.18578083209621
2023-12-14 00:00:00-05:00,146.38394805274797,136.34884723881376,124.29284844715596
2023-12-15 00:00:00-05:00,144.64993709078087,134.66547218018158,124.00178724691594
2023-12-18 00:00:00-05:00,146.3982834971055,136.33004193850078,124.39532272043571
2023-12-19 00:00:00-05:00,148.48985249033345,138.33675684959644,124.80468713121161
2023-12-20 00:00:00-05:00,149.2972655233154,139.123141105372,125.18238789596411
2023-12-21 00:00:00-05:00,148.28133185891002,138.1028450935821,124.48775557153844
2023-12-22 00:00:00-05:00,149.5652343256937,139.38216189451785,125.15598519966257
2023-12-26 00:00:00-05:00,149.3411182028254,139.15236651346822,125.21144154893267
2023-12-27 00:00:00-05:00,149.91618519131296,139.7269855258101,125.57329116021796
2023-12-28 00:00:00-05:00,149.7679800072417,139.57767320344468,125.9536245402351
2023-12-29 00:00:00-05:00,149.78236673878058,139.59173416572438,125.85061290086524
2024-01-02 00:00:00-05:00,148.77596309286474,139.59173416572438,124.7069724068878
2024-01-03 00:00:00-05:00,147.20597339281363,138.31321843842736,124.25005348273781
2024-01-04 00:00:00-05:00,148.01022338485268,138.9462955510375,123.68746625071219
2024-01-05 00:00:00-05:00,147.82247330474743,138.83261381916992,123.4735435124407
2024-01-08 00:00:00-05:00,148.02652446748974,138.90060882991145,123.72180425256457
2024-01-09 00:00:00-05:00,151.6345472725218,141.90975941272805,124.63038746340702
2024-01-10 00:00:00-05:00,153.28032568910984,143.21556550581596,125.23522484171535
2024-01-11 00:00:00-05:00,155.24684698181255,144.86421522173094,126.14115270604493
2024-01-12 00:00:00-05:00,155.187905886037,144.7398001115006,126.20717942720303
2024-01-16 00:00:00-05:00,156.18325067452642,145.57068021773557,125.52575443000174
2024-01-17 00:00:00-05:00,156.08866771055293,145.5420625012142,124.61718139176871
2024-01-18 00:00:00-05:00,157.13942098201184,146.4198377320908,125.19559656977088
2024-01-19 00:00:00-05:00,159.52389893504198,148.431646859504,126.15700634852641
2024-01-22 00:00:00-05:00,162.36825277422153,150.97221500840396,127.8367998345716
2024-01-23 00:00:00-05:00,161.90209377770253,150.50106858510492,127.83680323020873
2024-01-24 00:00:00-05:00,161.38787235421347,150.15778314552895,128.84044963931717
2024-01-25 00:00:00-05:00,162.909715181141,151.8197047102671,128.77970643963695
2024-01-26 00:00:00-05:00,161.54176749612893,150.3806616304695,128.78236583669576
2024-01-29 00:00:00-05:00,161.7832444523293,150.56437657488647,128.81932642661576
2024-01-30 00:00:00-05:00,163.3124082091099,152.03257060548012,129.56680385619612
2024-01-31 00:00:00-05:00,159.32457876559843,148.37624395695477,129.0543962104855
2024-02-01 00:00:00-05:00,159.06463928942182,148.2654381198699,128.0005634998388
2024-02-02 00:00:00-05:00,159.76501520677314,149.19535804541997,129.32644133589787
2024-02-05 00:00:00-05:00,164.12425195471928,153.28621686371295,130.39615183642456
2024-02-06 00:00:00-05:00,166.04172872489866,155.1502462115909,130.3485792280631
2024-02-07 00:00:00-05:00,165.2183498976536,154.10279684912143,131.0802117490245
2024-02-08 00:00:00-05:00,167.61647861483038,156.3432592239365,131.55825271374496
2024-02-09 00:00:00-05:00,167.88753560917712,156.6128157733758,131.75370341300115
2024-02-12 00:00:00-05:00,170.43553299438204,159.05057037145812,132.36910729040264
2024-02-13 00:00:00-05:00,167.1789430001009,155.8461859680708,130.61534101370268
2024-02-14 00:00:00-05:00,170.1062288037609,158.7422491322845,131.212259277893
2024-02-15 00:00:00-05:00,168.8996762981791,157.98331720532957,131.8725595868425
2024-02-16 00:00:00-05:00,169.27280210834033,158.16266674238523,132.5090982216823
2024-02-20 00:00:00-05:00,166.45640670890094,155.35757135902784,131.45789344970592
2024-02-21 00:00:00-05:00,163.5668943811629,152.30831088343106,130.85041126843524
2024-02-22 00:00:00-05:00,171.09028440983408,159.65747321685257,133.11920775744878
2024-02-23 00:00:00-05:00,176.33166156142767,164.78292207393324,134.50845914999604
2024-02-26 00:00:00-05:00,175.24760070369967,163.639097265393,134.2522674647488
2024-02-27 00:00:00-05:00,173.46739782396435,162.14161943862885,133.82968962090095
2024-02-28 00:00:00-05:00,172.10021130476096,160.66803278190494,133.46783834942266
2024-02-29 00:00:00-05:00,173.2798603585887,161.86952590598915,134.1915432965121
2024-03-01 00:00:00-05:00,174.47900767103457,162.9992406106963,134.4318869668902
2024-03-04 00:00:00-05:00,177.97640704164553,166.65367361949149,135.23745272897568
2024-03-05 00:00:00-05:00,178.21615538527843,167.2363738765203,134.76466421951298
2024-03-06 00:00:00-05:00,180.70771710213285,169.54221246512256,134.84653645120923
2024-03-07 00:00:00-05:00,182.46237283017777,171.29657526154014,135.5306372327049
2024-03-08 00:00:00-05:00,186.46660064687345,175.23912107543794,136.14337456695836
2024-03-11 00:00:00-04:00,179.1241670556625,167.46113954999782,134.82806036170058
2024-03-12 00:00:00-04:00,181.01260360357222,169.24755064246418,135.6124884853184
2024-03-13 00:00:00-04:00,184.05561357942187,172.1335986324599,136.57917836741254
2024-03-14 00:00:00-04:00,183.302403890041,171.25827132859592,136.54219661881947
2024-03-15 00:00:00-04:00,180.91557494763467,168.8734685045482,135.17543813896236
2024-03-18 00:00:00-04:00,185.9060096223061,173.64858601921003,136.17957379373541
2024-03-19 00:00:00-04:00,182.18800868830346,169.94024865246678,135.68944658737308
2024-03-20 00:00:00-04:00,185.268334094132,172.97857862014538,136.6485272036892
2024-03-21 00:00:00-04:00,189.38982885109917,177.05375795377537,138.66735072290518
2024-03-22 00:00:00-04:00,188.92107267706035,176.6559849065656,138.32822095347035
2024-03-25 00:00:00-04:00,191.75482146006627,179.49760039704984,137.71624912409052
2024-03-26 00:00:00-04:00,193.50405768501014,181.25518221115232,138.0950843253173
2024-03-27 00:00:00-04:00,191.46936224146984,179.21184654219252,138.22227821481127
2024-03-28 00:00:00-04:00,189.47593453825797,177.19352279724816,138.61969081599491
2024-04-01 00:00:00-04:00,189.4602054683679,177.18643989824105,138.78393218856948
2024-04-01 00:00:00-04:00,189.46021226910162,177.18643989824105,138.78393218856948
2024-04-02 00:00:00-04:00,188.5466344875534,176.24956515490882,137.30292534664352
2024-04-03 00:00:00-04:00,188.68846419646567,176.29428570035714,137.1651403610638
2024-04-04 00:00:00-04:00,190.75802682878933,177.97112338610245,138.7018197223253
2024-04-05 00:00:00-04:00,186.33730577915003,174.30772371796746,136.3014474323962
2024-04-08 00:00:00-04:00,189.0266252712954,176.32844190582222,137.54403496408784
2024-04-09 00:00:00-04:00,188.4008001647609,175.62760232897688,137.90168319238694
2024-04-10 00:00:00-04:00,184.7602548327036,172.54642724223677,136.04178244966263
2024-04-11 00:00:00-04:00,188.679348424,175.75088408665076,136.62466941046023
2024-04-12 00:00:00-04:00,191.52203819642722,178.07176531522822,136.27760208433438
2024-04-15 00:00:00-04:00,192.0623803176539,178.34777949909184,136.47895493681074
2024-04-16 00:00:00-04:00,187.29124688593802,174.340239649365,133.77920543007195
2024-04-17 00:00:00-04:00,189.84980773061014,176.4275470305312,134.07328565691924
2024-04-18 00:00:00-04:00,186.05885380178768,173.22313996558503,132.99500039312517
2024-04-19 00:00:00-04:00,184.73001430797638,172.14124749345316,132.32203714017894
2024-04-22 00:00:00-04:00,180.43079922018964,168.71993373593864,131.89547062351113
2024-04-23 00:00:00-04:00,183.53664427007746,171.10583530957626,132.94199545062767
2024-04-24 00:00:00-04:00,186.4012389605399,173.24060786168891,134.20841350032524
2024-04-25 00:00:00-04:00,180.1356116339995,168.05863363991213,132.25314265308262
2024-04-26 00:00:00-04:00,191.93139950587948,177.9679823315655,134.15277658474716
2024-04-29 00:00:00-04:00,193.83010936371934,179.24232715156157,135.1436471178593
2024-04-30 00:00:00-04:00,192.94302641417627,178.41006620805132,134.73829226036494
2024-05-01 00:00:00-04:00,189.6096671422641,175.53562078992852,132.8360109389396
2024-05-02 00:00:00-04:00,188.84452860689083,174.86452352209176,133.56989821382822
2024-05-03 00:00:00-04:00,192.95395832933266,178.36738329108618,135.42714065632677
2024-05-06 00:00:00-04:00,194.47198429667716,179.50724806729485,136.1133497104486
2024-05-07 00:00:00-04:00,196.63574177796556,181.3641944856539,137.12275508123764
2024-05-08 00:00:00-04:00,195.57803834544706,180.42583228908464,136.51339381066288
2024-05-09 00:00:00-04:00,196.69445132376924,181.345888816607,137.07506698113812
2024-05-10 00:00:00-04:00,196.43174694239121,181.05143545991433,138.24874981841836
2024-05-13 00:00:00-04:00,195.9702852498638,180.4307594883198,138.447467496741
2024-05-14 00:00:00-04:00,196.88492911449055,181.2862354975696,138.06331402015192
2024-05-15 00:00:00-04:00,199.52388310779838,183.63965559282417,139.31384201693393
2024-05-16 00:00:00-04:00,202.52179580342252,186.4291579818414,140.3868274766633
2024-05-17 00:00:00-04:00,202.4159572842541,186.309256295724,140.10331977264795
2024-05-20 00:00:00-04:00,202.42425126414454,186.24578187765852,140.30468472561117
2024-05-21 00:00:00-04:00,202.70420911793153,186.48666703834496,140.2278913867279
2024-05-22 00:00:00-04:00,204.18291183549746,187.87007506031003,140.5908497795062
2024-05-23 00:00:00-04:00,210.20299685874932,193.70023936215438,141.20287174205194
2024-05-24 00:00:00-04:00,211.13202847529251,194.61398085191877,139.84902208017922
2024-05-28 00:00:00-04:00,215.67401075646913,199.048371319282,140.4901412531981
2024-05-29 00:00:00-04:00,217.06844695633777,200.47180319937183,139.27408609139778
2024-05-30 00:00:00-04:00,218.03337687196625,201.43602758247994,138.9667614881835
2024-05-31 00:00:00-04:00,215.77173528894434,199.1619799211295,138.72035849776913
2024-06-03 00:00:00-04:00,217.67781672730217,201.01676057487347,140.15899139760577
2024-06-04 00:00:00-04:00,219.39907662433487,202.766846828976,139.4807547262778
2024-06-05 00:00:00-04:00,222.64045836916128,205.95261457047633,140.6226416728135
2024-06-06 00:00:00-04:00,228.19045370907656,211.451597325199,141.73801729814448
2024-06-07 00:00:00-04:00,225.14137538811525,208.40065734788163,141.388326501003
2024-06-10 00:00:00-04:00,225.4039127298699,208.6457340383414,141.2611314712887
2024-06-11 00:00:00-04:00,226.65538525663607,209.8983681989094,141.49691891031046
2024-06-12 00:00:00-04:00,228.93462543174059,212.15805782893597,143.49991439192718
2024-06-13 00:00:00-04:00,235.91985582045587,219.14158973099146,143.9026181210551
2024-06-14 00:00:00-04:00,235.27982159219144,218.5019852874415,143.3011883992228
2024-06-17 00:00:00-04:00,239.6344053681477,222.85131844291504,143.61909753040868
2024-06-18 00:00:00-04:00,239.40700980054598,222.6221744931206,144.96501944528575
2024-06-20 00:00:00-04:00,245.53592961251022,228.7503304914281,145.56907574085736
2024-06-21 00:00:00-04:00,234.9288152287781,218.14285425269227,144.69908727796775
2024-06-24 00:00:00-04:00,232.07410436452864,215.28789846240696,144.6804851190386
2024-06-25 00:00:00-04:00,230.06329462466164,213.2770132554743,144.59011947358974
2024-06-26 00:00:00-04:00,234.63303759160348,217.84672961442627,144.51037756791587
2024-06-27 00:00:00-04:00,233.5637300447324,216.77741765115027,144.95690194893416
2024-06-28 00:00:00-04:00,234.18492538612603,217.3986127778461,145.43268701197076
2024-07-01 00:00:00-04:00,233.06552014633013,216.27920752994174,145.0259818418418
2024-07-01 00:00:00-04:00,233.0655167639529,216.27920752994174,145.0259818418418
2024-07-02 00:00:00-04:00,230.7086693361411,214.21558184420934,144.51303511693533
2024-07-03 00:00:00-04:00,232.38224803728292,215.41587852620484,145.8393732798378
2024-07-05 00:00:00-04:00,238.454590705116,220.53085097214023,146.6580076922352
2024-07-08 00:00:00-04:00,238.94081792205438,220.58729659010842,147.63347456687646
2024-07-09 00:00:00-04:00,241.96566338655887,223.23343824489342,147.85143432730638
2024-07-10 00:00:00-04:00,244.48733592977482,225.50816403585782,148.06673034240225
2024-07-11 00:00:00-04:00,246.3049037678843,227.0951593237501,149.22821734875376
2024-07-12 00:00:00-04:00,238.36651674273224,219.98392342551116,148.21554064375047
2024-07-15 00:00:00-04:00,240.65569791785038,221.8038372227161,149.38504757666504
2024-07-16 00:00:00-04:00,239.53361387559494,220.64207044527788,149.60832996751012
2024-07-17 00:00:00-04:00,231.7697617456972,213.9049282665524,148.52655215807405
2024-07-18 00:00:00-04:00,231.9660749068816,214.08572578670038,148.44947394649472
2024-07-19 00:00:00-04:00,230.62957077877118,213.04494473037008,146.83075172218125
2024-07-22 00:00:00-04:00,230.5320155199916,212.60607407488797,146.9849372836787
2024-07-23 00:00:00-04:00,234.52918828527274,216.00852233921847,147.39422732713746
2024-07-24 00:00:00-04:00,230.8970276047063,213.51552780571419,145.88451575335569
2024-07-25 00:00:00-04:00,225.39715390496502,209.23119044198435,143.8883853415597
2024-07-26 00:00:00-04:00,227.53005668920477,211.5406841304777,144.13560803221412
2024-07-29 00:00:00-04:00,225.81703830475894,209.73758600882445,145.1296650224898
2024-07-30 00:00:00-04:00,225.14996893360578,209.04137254812383,145.1934540696342
2024-07-31 00:00:00-04:00,228.72172381287157,211.94616505244514,145.91642360220348
2024-08-01 00:00:00-04:00,232.632323982612,215.33115493268394,146.87064064470434
2024-08-02 00:00:00-04:00,218.88013556834474,205.16278674629297,142.39994513308267
2024-08-05 00:00:00-04:00,204.3691796388246,197.12786918669244,135.99162666508906
2024-08-06 00:00:00-04:00,215.988934098793,203.39757083784414,138.00636414858258
2024-08-07 00:00:00-04:00,220.0889500441424,205.72757712990378,140.46497389670606
2024-08-08 00:00:00-04:00,214.8866446841998,202.20228522116224,139.2529233394523
2024-08-09 00:00:00-04:00,218.81674239628745,205.19888965898082,140.82112537465812
2024-08-12 00:00:00-04:00,221.06751236880643,205.9210002810133,141.99065797651883
2024-08-13 00:00:00-04:00,227.06779587436415,210.82073629188773,142.6072608047803
2024-08-14 00:00:00-04:00,232.8074222663858,215.75168975934372,144.28709740713515
2024-08-15 00:00:00-04:00,233.30280879456274,216.45968437383374,146.05466091719055
2024-08-16 00:00:00-04:00,236.62720627527548,219.16366136646639,146.56499532033124
2024-08-19 00:00:00-04:00,239.017380839939,220.50025311989685,147.4447384907467
2024-08-20 00:00:00-04:00,243.52033477068855,224.40537854967147,148.61957851437637
2024-08-21 00:00:00-04:00,241.93993369123675,223.1362089870383,148.78439204819577
2024-08-22 00:00:00-04:00,245.02457831543478,225.64639607893227,149.52594391228723
2024-08-23 00:00:00-04:00,240.52669174981904,221.7576963184472,148.72056858875646
2024-08-26 00:00:00-04:00,243.87866139023745,224.49477147542095,149.69072113283636
2024-08-27 00:00:00-04:00,239.42601435701567,220.36171141722622,148.70995162104003
2024-08-28 00:00:00-04:00,242.3916356705125,223.24712666915633,149.16711544347436
2024-08-29 00:00:00-04:00,236.60349811673376,217.8326052488167,148.92789096577334
2024-08-30 00:00:00-04:00,234.97824047600142,216.5662922555734,149.05017508003695
2024-09-03 00:00:00-04:00,232.29078306530172,214.02036652514153,148.97040889967826
2024-09-04 00:00:00-04:00,220.82241059557182,205.11261194655566,146.2407071759526
2024-09-05 00:00:00-04:00,221.08784402208713,205.40066273131666,146.42408223178316
2024-09-06 00:00:00-04:00,222.34271287680033,206.33445271764046,146.17160023763702
2024-09-09 00:00:00-04:00,217.56838806126274,203.33032518962088,144.76554520152828
2024-09-10 00:00:00-04:00,220.7450894538457,206.47336994623248,145.75161371006493
2024-09-11 00:00:00-04:00,222.14992923319028,207.21717132695315,145.84200859296902
2024-09-12 00:00:00-04:00,229.93419246623773,213.15142972076382,147.51914318606677
2024-09-13 00:00:00-04:00,233.54835315666134,216.16468599182568,148.76841778453078
2024-09-16 00:00:00-04:00,232.73842371780353,214.7987046639676,149.30797865830328
2024-09-17 00:00:00-04:00,233.53601936031126,215.06040463700543,150.20105864886528
2024-09-18 00:00:00-04:00,231.64212495662207,212.9550105420936,149.83956581197398
2024-09-19 00:00:00-04:00,234.70485247396704,214.9052860440093,151.77191765181007
2024-09-20 00:00:00-04:00,234.02015055651265,214.22531195687347,151.39228815023918
2024-09-23 00:00:00-04:00,235.3329810489722,215.21045285537323,151.79219748804394
2024-09-24 00:00:00-04:00,235.9624114456247,216.06750172113198,152.0961076238533
2024-09-25 00:00:00-04:00,240.62916362652285,221.04324504931049,152.2721056636077
2024-09-26 00:00:00-04:00,244.97284504518694,224.80523871616745,153.1358869254534
2024-09-27 00:00:00-04:00,242.57420199869227,222.67761966863605,152.87197121343928
2024-09-30 00:00:00-04:00,238.11210698866304,217.92132383516125,152.08012122350112
2024-10-01 00:00:00-04:00,242.42817867594172,221.06578849494028,152.87465566080223
2024-10-01 00:00:00-04:00,242.42816745408743,221.06578849494028,152.87465566080223
2024-10-02 00:00:00-04:00,239.18694481005764,218.43697324921405,151.35761002480015
2024-10-03 00:00:00-04:00,242.53838853634187,221.27127586220672,151.2642868733783
2024-10-04 00:00:00-04:00,247.6836662351717,225.38476974070718,152.5946781701813
2024-10-07 00:00:00-04:00,247.80532568296064,225.349721476181,152.3147377456336
2024-10-08 00:00:00-04:00,251.2148353437733,228.57592946011258,152.08013457477708
2024-10-09 00:00:00-04:00,254.6802328377786,231.69031919621034,152.81063126307515
2024-10-10 00:00:00-04:00,252.55765119002257,229.8913534080154,153.50650884116556
2024-10-11 00:00:00-04:00,253.76243279462275,230.8295420539165,153.5811536088804
2024-10-14 00:00:00-04:00,257.1401054291586,233.63555004873427,154.95951406427255
2024-10-15 00:00:00-04:00,259.47771817170155,235.5536054212808,155.85801519631653
2024-10-16 00:00:00-04:00,254.51716182135496,230.9962613466947,154.57563218787254
2024-10-17 00:00:00-04:00,260.87687733262896,236.74401873821898,156.20993188768045
2024-10-18 00:00:00-04:00,259.5936191447695,235.665789517717,155.71934613090158
2024-10-21 00:00:00-04:00,259.15404027353867,235.14526463786805,155.66071785124856
2024-10-22 00:00:00-04:00,262.07565339728785,237.88643468393303,154.91420394933746
2024-10-23 00:00:00-04:00,258.3089837353725,234.33453850511268,154.97017458806047
2024-10-24 00:00:00-04:00,255.5689956082391,231.998077481779,154.62891425074295
2024-10-25 00:00:00-04:00,255.4126240509654,231.79942692717307,155.03684166727805
2024-10-28 00:00:00-04:00,258.149498948475,233.92213446584415,155.3221225994962
2024-10-29 00:00:00-04:00,254.307206440376,230.53438359460534,154.59426633979965
2024-10-30 00:00:00-04:00,257.38835811592867,232.99598727026483,154.978192121067
2024-10-31 00:00:00-04:00,253.13156590464774,229.17149995257353,153.450524109672
2024-11-01 00:00:00-04:00,248.9950903584137,225.48763631240973,152.32008442585456
2024-11-04 00:00:00-05:00,250.86149448303573,227.14134535165672,152.28274205109867
2024-11-05 00:00:00-05:00,250.9715676827865,227.20759761326934,152.1654226935267
2024-11-06 00:00:00-05:00,259.9251928783483,234.94092332444922,157.08708482488606
2024-11-07 00:00:00-05:00,263.46694838924384,238.33338610830333,158.12153918065727
2024-11-08 00:00:00-05:00,266.5137122474755,241.1439875429461,158.94536058201606
2024-11-11 00:00:00-05:00,267.5718974246691,241.78330983236197,159.91583471133853
2024-11-12 00:00:00-05:00,266.27912740822757,240.4013976196812,159.61453827452212
2024-11-13 00:00:00-05:00,266.71174483082086,241.0061119592193,159.26528945764417
2024-11-14 00:00:00-05:00,264.54875692594845,238.94252315925021,159.2519682834487
2024-11-15 00:00:00-05:00,257.62926191343547,233.11764348004925,157.22569698208306
2024-11-18 00:00:00-05:00,252.42596132757123,228.0282423038392,156.29258035202238
2024-11-19 00:00:00-05:00,254.2545319335374,229.67284842989594,155.88999763533633
2024-11-20 00:00:00-05:00,259.9216756645182,235.24112103901913,157.4016711342734
2024-11-21 00:00:00-05:00,260.77093588804325,236.0681318878249,158.20686351657972
2024-11-22 00:00:00-05:00,256.3900516761922,231.80435076382045,158.2761479029283
2024-11-25 00:00:00-05:00,252.17431727714546,227.84877231889325,159.8385104857415
2024-11-26 00:00:00-05:00,247.4222050256035,223.80718958196243,159.64652481388626
2024-11-27 00:00:00-05:00,245.84969501316783,221.90197118196969,160.08910824146707
2024-11-29 00:00:00-05:00,247.19032337330313,223.0198492791996,159.8758232562021
2024-12-02 00:00:00-05:00,249.51919957211564,224.9041798181211,160.7582964763347
2024-12-03 00:00:00-05:00,249.50261494347004,224.9370679517456,160.87029722398427
2024-12-04 00:00:00-05:00,253.20864803753582,228.65300863957776,161.4674972705719
2024-12-05 00:00:00-05:00,256.96357530259286,232.13649747993944,162.00873453629714
2024-12-06 00:00:00-05:00,255.2477058364463,230.60720053764553,161.95006668962756
2024-12-09 00:00:00-05:00,251.68695967836058,227.13812909779972,162.0167055673694
2024-12-10 00:00:00-05:00,253.99981631605513,229.44093442886037,161.39817861110762
2024-12-11 00:00:00-05:00,254.07388695950823,229.09147533524194,161.50748425298147
2024-12-12 00:00:00-05:00,255.13430453600242,231.31226795547403,161.72077235898084
2024-12-13 00:00:00-05:00,259.17326999530763,235.7531873964772,161.67280744559605
2024-12-16 00:00:00-05:00,257.78526943977084,234.38982660448247,161.56612632931612
2024-12-17 00:00:00-05:00,255.21375912875953,232.41525320150615,161.08357615401408
2024-12-18 00:00:00-05:00,258.6317830152165,235.755082799739,161.02758429764583
2024-12-19 00:00:00-05:00,253.27359689114715,231.46158527486412,157.66295841358334
2024-12-20 00:00:00-05:00,248.85601893278516,227.09880628426995,155.6282009569581
2024-12-23 00:00:00-05:00,258.16823723189873,235.46629326362492,158.06787889374246
2024-12-24 00:00:00-05:00,263.3868178730753,240.83353272017214,159.45086721649275
2024-12-26 00:00:00-05:00,263.55983910088366,240.77533749790234,160.37113497880065
2024-12-27 00:00:00-05:00,263.2503910691184,240.41995664329608,159.84679759555772
2024-12-30 00:00:00-05:00,256.8111477355231,234.25131265780922,157.26535874664526
2024-12-31 00:00:00-05:00,259.8975818714112,237.52310956284686,157.80569190138948
2025-01-02 00:00:00-05:00,258.0767541390319,237.52310956284686,157.66659287813826
2025-01-03 00:00:00-05:00,260.8415501055153,239.87054294885732,157.16905712928363
2025-01-06 00:00:00-05:00,268.75966295091797,246.57111653592028,159.50707320639114
2025-01-07 00:00:00-05:00,272.2106494176537,249.70419124704586,159.81468692352638
2025-01-08 00:00:00-05:00,260.7789646268402,239.68631203169303,157.48203188798283
2025-01-10 00:00:00-05:00,257.1195602186495,236.2394723294753,156.72766626617013
2025-01-13 00:00:00-05:00,248.82576806865356,229.31902040529923,154.02316049404078
2025-01-14 00:00:00-05:00,256.871279559437,235.74521840292428,156.32103643663632
2025-01-15 00:00:00-05:00,255.96553588553172,234.76136075296967,157.9180675328876
2025-01-16 00:00:00-05:00,260.73206506631414,238.64087532309298,158.945288303993
2025-01-17 00:00:00-05:00,260.5432271372656,238.33327524839368,159.69165596332925
2025-01-21 00:00:00-05:00,264.56209253464147,241.5613470871574,160.68410822166874
2025-01-22 00:00:00-05:00,270.6660434181101,247.03511932773435,162.08851239472548
2025-01-23 00:00:00-05:00,269.9284986176395,246.32654657090532,162.05640351497874
2025-01-24 00:00:00-05:00,272.4488800422312,248.5262004375653,163.1291133924648
2025-01-27 00:00:00-05:00,247.91321350411937,227.6434008296885,159.11652900701014
2025-01-28 00:00:00-05:00,241.99332219703933,222.76232497390777,160.67072596728678
2025-01-29 00:00:00-05:00,245.27874985154506,225.2948991392444,161.5000131912117
2025-01-30 00:00:00-05:00,244.0209861712851,223.73965807705488,161.5642236933307
2025-01-31 00:00:00-05:00,246.41719013109537,225.48210498232493,162.51117416703568
2025-02-03 00:00:00-05:00,237.49192440108695,218.48488725163654,158.54402764744668
2025-02-04 00:00:00-05:00,239.87044096698548,220.16458373072277,159.92438579405834
2025-02-05 00:00:00-05:00,242.71463488367485,221.89458726913358,160.67607653018194
2025-02-06 00:00:00-05:00,246.13354131388195,224.76217823787246,162.10723807592356
2025-02-07 00:00:00-05:00,248.21444692484377,226.36163769669187,162.3480151506194
2025-02-10 00:00:00-05:00,246.30932682852614,224.8521875624426,161.58292621205024
2025-02-11 00:00:00-05:00,248.68651820375092,226.79622498476593,161.18703231643053
2025-02-12 00:00:00-05:00,245.8107094080268,224.2912354391259,160.2908729015782
2025-02-13 00:00:00-05:00,247.55269220827816,225.7093591689832,161.7032959542234
2025-02-14 00:00:00-05:00,250.7779783303405,228.83758891412137,163.16391232933637
2025-02-18 00:00:00-05:00,254.01377591868822,231.71036748613471,163.41534315733614
2025-02-19 00:00:00-05:00,252.06800779874294,229.86536819062474,163.20134579818082
2025-02-20 00:00:00-05:00,252.53261654717133,230.2475358310872,163.59192383457716
2025-02-21 00:00:00-05:00,253.20327031332593,230.4084565767307,163.2227312355255
2025-02-24 00:00:00-05:00,249.05452513368442,226.5420543263613,161.04523507766802
2025-02-25 00:00:00-05:00,241.1244423407198,220.22610026261643,159.74247528208753
2025-02-26 00:00:00-05:00,240.59130885984797,219.9055636894516,159.41611152554256
2025-02-27 00:00:00-05:00,245.23361425606714,223.72961326358563,159.66221040378844
2025-02-28 00:00:00-05:00,227.32649681279105,210.15295586941204,156.64203185203257
2025-03-03 00:00:00-05:00,235.0493280934654,214.83051538206905,159.48298688986836
2025-03-04 00:00:00-05:00,220.53191705865774,205.2278937623045,155.077155560704
2025-03-05 00:00:00-05:00,227.8968816345595,209.89700105485971,154.2692507706341
2025-03-06 00:00:00-05:00,224.42623708636376,207.9941747764988,153.94556481023795
2025-03-07 00:00:00-05:00,223.1744485335716,206.17761789694757,152.72038947146797
2025-03-10 00:00:00-04:00,223.46725504557995,206.4717031182174,151.83494285143294
2025-03-11 00:00:00-04:00,219.7714740481986,204.52628653775395,149.64405543856563
2025-03-12 00:00:00-04:00,225.8340115074351,207.6262473502327,150.3850435717659
2025-03-13 00:00:00-04:00,227.07502148921742,208.92077451880343,149.4006102033852
2025-03-14 00:00:00-04:00,228.58268124200217,210.43101074252047,148.76392902050236
2025-03-17 00:00:00-04:00,231.40775482708048,213.0467806594393,150.55089353293806
2025-03-18 00:00:00-04:00,227.86509577130852,209.77689204797963,151.08858607369808
2025-03-19 00:00:00-04:00,226.88908491749524,209.42897985256388,150.56160940354047
2025-03-20 00:00:00-04:00,226.35710205086102,208.55805824718692,150.69534354645893
2025-03-21 00:00:00-04:00,227.1343953215276,209.7472801514062,150.06200476727383
2025-03-24 00:00:00-04:00,226.1487361784115,207.2260408996017,153.15296537879186
2025-03-25 00:00:00-04:00,228.1284178958231,208.1994937094472,154.36037735010285
2025-03-26 00:00:00-04:00,227.0466358039459,207.17645223738455,154.33087210633624
2025-03-27 00:00:00-04:00,218.62412652322175,201.3900009554498,152.18167701069285
2025-03-28 00:00:00-04:00,216.34021932140504,200.97648841147117,151.73897762003122
2025-03-31 00:00:00-04:00,207.7739119562456,195.62509726288965,147.52645644122595
2025-04-01 00:00:00-04:00,211.76613054037577,198.62106155691166,149.57098883606974
2025-04-01 00:00:00-04:00,211.76613388214247,198.62106155691166,149.57098883606974
2025-04-02 00:00:00-04:00,211.00988553526525,197.82740086514448,148.92705123330134
2025-04-03 00:00:00-04:00,206.5354102766719,194.3850180165846,146.259989403306
2025-04-04 00:00:00-04:00,199.7127094863645,189.4279323101347,140.50738020834936
2025-04-07 00:00:00-04:00,184.30999380543352,178.32756895037383,131.255956806793
2025-04-08 00:00:00-04:00,206.93611601337008,194.40282493658944,140.02174209754222
2025-04-09 00:00:00-04:00,198.52553376421398,188.14052039604277,132.39630780204715
2025-04-10 00:00:00-04:00,215.39657915606844,201.29489615185338,142.78802796292103
2025-04-11 00:00:00-04:00,213.98950273219842,200.1994482237238,140.33029086905248
2025-04-14 00:00:00-04:00,223.46802432378934,208.01089453835425,145.97558470164637
2025-04-15 00:00:00-04:00,219.97434675515518,204.91270593389828,144.8003832974946
2025-04-16 00:00:00-04:00,212.00237298683973,198.1681698878862,142.65656632510954
2025-04-17 00:00:00-04:00,211.12888319374397,197.16252189492954,141.57259281192475
2025-04-21 00:00:00-04:00,203.27364171146115,190.604581734242,139.83391128694163
2025-04-22 00:00:00-04:00,203.2789871945305,190.48612006722865,139.56024623008796
2025-04-23 00:00:00-04:00,212.5340858632692,197.91341505422338,145.00429259822798
2025-04-24 00:00:00-04:00,211.91793014169312,197.310513932991,144.00885832507916
2025-04-25 00:00:00-04:00,218.61817282474937,203.04569823673182,146.67322708593815
2025-04-28 00:00:00-04:00,221.74672053214732,205.7887581690918,147.9450271770805
2025-04-29 00:00:00-04:00,219.15741262688337,203.448298579829,147.27960587884525
2025-04-30 00:00:00-04:00,215.41869963556962,200.09228598609042,146.92007329723103
2025-05-01 00:00:00-04:00,224.59980685050706,208.34407256032975,150.3544705512284
2025-05-02 00:00:00-04:00,227.88675432562653,211.41572176782466,151.52430030019462
2025-05-05 00:00:00-04:00,224.95520255387044,208.51060498895598,150.9447436130909
2025-05-06 00:00:00-04:00,222.55615244023446,206.25734088128235,149.699774645633
2025-05-07 00:00:00-04:00,224.68591655813668,208.15772074235727,150.29544392652076
2025-05-08 00:00:00-04:00,227.64426711702592,211.37273922140557,151.6611478287765
2025-05-09 00:00:00-04:00,227.2361494885864,210.96174573079196,151.9938416363437
2025-05-12 00:00:00-04:00,233.38350879957997,216.45174279338607,156.01588347379646
2025-05-13 00:00:00-04:00,236.34763361673942,219.27303862476478,156.53639307076378
2025-05-14 00:00:00-04:00,243.26240587836352,225.98927518762684,157.71698059054557
2025-05-15 00:00:00-04:00,245.61162614245617,228.1151900842248,157.11325902520406
2025-05-16 00:00:00-04:00,248.86748811095848,231.24217952205623,158.63995113202822
2025-05-19 00:00:00-04:00,243.74623370062253,226.20871215285155,157.7947705634814
2025-05-20 00:00:00-04:00,246.69839685482367,229.07346680199993,159.13367561348267
2025-05-21 00:00:00-04:00,246.15566708144073,228.60857229273802,157.8860137062785
2025-05-22 00:00:00-04:00,246.42224689452274,228.78161102732855,156.33515288069577
2025-05-23 00:00:00-04:00,243.27532808964443,225.77570957154313,154.54282417673338
2025-05-27 00:00:00-04:00,248.17028379851072,230.5003705267632,157.25011969716314
2025-05-28 00:00:00-04:00,251.86147949867257,234.11128851014604,158.72315360658
2025-05-29 00:00:00-04:00,257.35865085791517,239.54944592043498,159.12561956162756
2025-05-30 00:00:00-04:00,253.67612581714977,235.93254699607286,158.01749361961814
2025-06-02 00:00:00-04:00,251.17503478681917,233.4218978382355,157.7035473083791
2025-06-03 00:00:00-04:00,254.817779027354,237.03683135358685,158.93241864628456
2025-06-04 00:00:00-04:00,258.8447928973323,241.03598262706373,160.17202722591125
2025-06-05 00:00:00-04:00,260.6860361137904,242.8340995196499,160.3517957059053
2025-06-06 00:00:00-04:00,258.9448935989862,241.09056321396233,160.62814712897685
2025-06-09 00:00:00-04:00,260.17558395651685,242.27547305831854,160.9125790895879
2025-06-10 00:00:00-04:00,260.10429686785403,242.2539172433157,161.04670827176736
2025-06-11 00:00:00-04:00,261.19215141957574,243.2955717477429,162.11194535020132
2025-06-12 00:00:00-04:00,257.4943807017576,239.66552050360153,160.9903962783093
2025-06-13 00:00:00-04:00,259.3763919223347,241.53371295592322,160.58523454900157
2025-06-16 00:00:00-04:00,261.0483928685243,243.2352369299201,161.09503084990365
2025-06-17 00:00:00-04:00,261.07878833577047,243.26513960095429,161.0440624085934
2025-06-18 00:00:00-04:00,261.62487554464747,243.8307416922052,160.569131524198
2025-06-20 00:00:00-04:00,261.42254669887734,243.58606372331505,161.0276746411262
2025-06-23 00:00:00-04:00,256.78649209998565,238.8876001533351,160.1288517098792
2025-06-24 00:00:00-04:00,260.0565124210486,242.1387619015078,162.62885139404324
2025-06-25 00:00:00-04:00,263.87270537952566,245.972478112504,163.59225323181607
2025-06-26 00:00:00-04:00,270.15630446009015,252.2548305028434,163.88290167561672
2025-06-27 00:00:00-04:00,270.7915231398907,252.88055430673234,164.92972682682154
2025-06-30 00:00:00-04:00,275.53810474690954,257.6229692305589,166.14070642385488
2025-07-01 00:00:00-04:00,273.0813190148402,255.08031531976155,165.86620382491878
2025-07-01 00:00:00-04:00,273.08132652899434,255.08031531976155,165.86620382491878
2025-07-02 00:00:00-04:00,269.35808062110425,251.97232578663326,166.10301593906135
2025-07-03 00:00:00-04:00,275.4233039623865,256.8183038834656,167.50506206137268
2025-07-07 00:00:00-04:00,276.0161064001103,256.93214683415425,167.7499551664069
2025-07-08 00:00:00-04:00,276.6312164601374,257.4513870394978,167.20903527057334
2025-07-09 00:00:00-04:00,277.13953916494336,258.0004918126729,167.5911714805011
2025-07-10 00:00:00-04:00,279.9633586757085,260.36595232452186,167.97600000492366
2025-07-11 00:00:00-04:00,279.8368547520358,260.12676760911756,167.58309646739036
2025-07-14 00:00:00-04:00,283.01935594175836,262.5572990779141,167.6960996636604
2025-07-15 00:00:00-04:00,289.4807416968563,268.2526276098466,168.86943214606424
2025-07-16 00:00:00-04:00,289.11830338898216,267.8376520971851,167.85219719570804
2025-07-17 00:00:00-04:00,289.7960659577065,268.4297032556153,168.0298066989553
2025-07-18 00:00:00-04:00,292.7557140613361,270.9482718788688,169.34842656864612
2025-07-21 00:00:00-04:00,291.25585204373044,269.3812420770415,169.20580869446135
2025-07-22 00:00:00-04:00,287.22449681155337,266.3778707896661,169.29460845024255
2025-07-23 00:00:00-04:00,283.3498707737903,263.21866147786614,169.9539257245884
2025-07-24 00:00:00-04:00,289.8689475340804,268.7304036193036,170.77469480096306
2025-07-25 00:00:00-04:00,289.20367318470375,268.06465300928767,170.90655918933587
2025-07-28 00:00:00-04:00,291.0107080096044,269.355883870662,171.54970938544338
2025-07-29 00:00:00-04:00,294.2255085811176,272.49235725252123,171.78383847666078
2025-07-30 00:00:00-04:00,293.500780964021,271.84419947948436,171.12990875163155
2025-07-31 00:00:00-04:00,299.19491831438114,277.42417601777026,172.0825550879462
2025-08-01 00:00:00-04:00,288.33814763269265,266.9133025005437,168.54111617154857
2025-08-04 00:00:00-04:00,290.1257377564981,268.4625378530151,168.37156559777586
2025-08-05 00:00:00-04:00,296.1695674426754,273.98653433136616,170.01851026036093
2025-08-06 00:00:00-04:00,293.2966790827999,270.96574333127336,169.28114317898414
2025-08-07 00:00:00-04:00,300.56365864826097,277.6986965852875,171.21601549747493
2025-08-08 00:00:00-04:00,300.4891641887484,277.5335430209923,170.6293890119899
2025-08-11 00:00:00-04:00,301.5994625630478,278.624052020096,171.54434569042516
2025-08-12 00:00:00-04:00,302.7013589354914,279.6563111473218,171.7677072209153
2025-08-13 00:00:00-04:00,305.32625592529786,281.91511305592957,173.54917427553045
2025-08-14 00:00:00-04:00,301.49839009184916,277.99523426176137,172.978675189588
2025-08-15 00:00:00-04:00,304.60399191789145,280.9357163905308,173.83981645758652
2025-08-18 00:00:00-04:00,302.8878704903216,279.0623173143795,172.99750832419448
2025-08-19 00:00:00-04:00,303.95136155639125,280.0856712930145,173.06747964076268
2025-08-20 00:00:00-04:00,296.4080675537252,272.66133107667076,172.06640859026746
2025-08-21 00:00:00-04:00,295.69436070300907,271.83601009698185,171.22680274954536
2025-08-22 00:00:00-04:00,295.5581510092635,271.5767604110503,171.6250738408231
2025-08-25 00:00:00-04:00,301.0207927796022,276.8553707963904,173.31504518890208
2025-08-26 00:00:00-04:00,303.44209421999597,279.1522781390917,172.8199107142015
2025-08-27 00:00:00-04:00,305.6488413814246,281.2158125619452,173.45768372633728
2025-08-28 00:00:00-04:00,305.43924919973364,281.00533862989056,174.1761851137687
2025-08-29 00:00:00-04:00,305.1364582845868,280.6486718553467,174.2380858471878
2025-09-02 00:00:00-04:00,295.43542175779464,270.9732837281031,171.55509495289832
2025-09-03 00:00:00-04:00,302.8235061013282,278.29583397135553,172.9463880009443
2025-09-04 00:00:00-04:00,303.8344436387305,279.2821284938147,173.41729694081195
2025-09-05 00:00:00-04:00,309.394046177623,284.79567688693913,175.31720022329353
2025-09-08 00:00:00-04:00,309.07243204239944,284.3864040961925,174.54754616587948
2025-09-09 00:00:00-04:00,310.0599373978698,285.364400768844,174.64173839724728
2025-09-10 00:00:00-04:00,317.8125709007175,293.0820694811299,175.89308924433197
2025-09-11 00:00:00-04:00,323.8287081608845,299.0737294966066,176.04380270239102
2025-09-12 00:00:00-04:00,322.05105873015293,297.27653016655654,176.96411895475146
2025-09-15 00:00:00-04:00,321.6317889424854,296.8226837324697,177.51311098399415
2025-09-16 00:00:00-04:00,325.76818889899226,300.95263690650506,178.00555660258377
2025-09-17 00:00:00-04:00,321.26298837983234,296.44473315246125,177.612688886227
2025-09-18 00:00:00-04:00,320.9792229121452,296.15619020369314,178.11861679326105
2025-09-19 00:00:00-04:00,322.6488665661864,297.8214976601614,178.73116433109112
2025-09-22 00:00:00-04:00,322.5227509600809,297.68986664630177,178.69608673358252
2025-09-23 00:00:00-04:00,328.47085397698373,303.63717468388575,179.91581177308666
2025-09-24 00:00:00-04:00,326.8612863895852,302.027557161492,179.3194369286374
2025-09-25 00:00:00-04:00,319.7398667149472,294.9061215472869,177.5465077760924
2025-09-26 00:00:00-04:00,324.03918012064844,299.20540382443767,177.97018938036948
2025-09-29 00:00:00-04:00,326.9631165572713,302.1293318427224,179.27895795594415
2025-09-30 00:00:00-04:00,325.58310541552333,300.74932069760916,178.89306980120242
2025-10-01 00:00:00-04:00,327.85062695864536,303.0168422407294,178.9578246254316
2025-10-01 00:00:00-04:00,327.8506232433211,303.0168422407294,178.9578246254316
2025-10-02 00:00:00-04:00,335.5672748641732,309.31669566619837,180.92234637948928
2025-10-03 00:00:00-04:00,334.33948667601675,308.17872220000055,180.79822634485038
2025-10-06 00:00:00-04:00,331.64415424769464,305.51511877063797,181.23808041490443
2025-10-07 00:00:00-04:00,334.1717927541139,307.53502760884834,181.48634013941444
2025-10-08 00:00:00-04:00,333.3829058778684,306.8682409772962,180.86838668915235
2025-10-09 00:00:00-04:00,339.1012912944449,311.810613520516,181.75351144372837
2025-10-10 00:00:00-04:00,338.6332399855123,311.461114815776,181.37570003537712
2025-10-13 00:00:00-04:00,333.7291256815361,306.93639551244326,178.2778110038474
2025-10-14 00:00:00-04:00,330.77412799448433,304.21986030074584,177.33871216570955
2025-10-15 00:00:00-04:00,333.43450805709796,306.1952582741379,179.94278707366504
2025-10-16 00:00:00-04:00,332.56694618845717,305.26344752849025,179.94278352359458
2025-10-17 00:00:00-04:00,328.44122542046694,301.5857368531938,177.96747829441378
2025-10-20 00:00:00-04:00,333.38751673280757,305.46889064904127,180.07772360419807
2025-10-21 00:00:00-04:00,331.143568334268,303.4222762691313,181.18951423548248
2025-10-22 00:00:00-04:00,330.40765326078673,302.61113385600095,181.34063514560953
2025-10-23 00:00:00-04:00,328.13362566654143,300.55661034586177,180.29359661609112
2025-10-24 00:00:00-04:00,333.7992104147078,305.39765653480583,182.54417490728045
2025-10-27 00:00:00-04:00,341.72285163343605,312.253317617444,184.23613928711458
2025-10-28 00:00:00-04:00,346.1585453441428,316.1749542066753,185.40189959700035
2025-10-29 00:00:00-04:00,359.282953668187,328.4239315702577,185.85255820882358
2025-10-30 00:00:00-04:00,365.3947616709716,334.2714965200161,184.55188083553176
2025-10-31 00:00:00-04:00,363.4927245050695,332.2236285637687,184.85948072081763
2025-11-03 00:00:00-05:00,363.963381187772,332.4804230819919,185.02950115599165
2025-11-04 00:00:00-05:00,355.70596657071314,324.60049551529653,182.44972586434827
2025-11-05 00:00:00-05:00,351.75146077870653,320.8262655917511,182.14477617573064
2025-11-06 00:00:00-05:00,351.60334094436024,320.8879176623463,182.54686347414932
2025-11-07 00:00:00-05:00,340.37284054203184,310.49951712616354,180.23691702860262
2025-11-10 00:00:00-05:00,348.1209969718828,317.83882762381853,182.75464561112696
2025-11-11 00:00:00-05:00,348.6683296958015,318.4996251679618,183.4859459825688
2025-11-12 00:00:00-05:00,350.75927449729346,320.23228356995463,184.7920417283864
2025-11-13 00:00:00-05:00,343.6266669218437,313.25140155830053,183.6343834483676
2025-11-14 00:00:00-05:00,330.78771940071795,301.2790804523923,179.55420063917077
2025-11-17 00:00:00-05:00,339.92824313774526,309.2737629533499,180.7199688283585
2025-11-18 00:00:00-05:00,339.74598535568174,308.90428174577113,178.6690738960391
2025-11-19 00:00:00-05:00,339.9213404463386,309.0392633999011,178.3128926021095
2025-11-20 00:00:00-05:00,357.6176974313815,325.9030474732436,181.58618546203462
2025-11-21 00:00:00-05:00,339.7937455566269,309.02643039112553,176.76662970940868
2025-11-24 00:00:00-05:00,341.78346701080443,311.150630502986,178.8283003952745
2025-11-25 00:00:00-05:00,346.2445500578197,316.1923611930509,180.43123049340224
2025-11-26 00:00:00-05:00,350.4621853164379,319.7128301091049,182.85990406589588
2025-11-28 00:00:00-05:00,350.90132478745187,320.0816958973355,183.7315071079585
2025-12-01 00:00:00-05:00,345.3422412504824,314.43464039338016,183.17830664558926
2025-12-02 00:00:00-05:00,348.8407881013412,318.08241099005994,184.0175573650212
2025-12-03 00:00:00-05:00,347.3434513029899,316.3745812224847,183.65326220882824
2025-12-04 00:00:00-05:00,350.45197319256994,319.1158849920978,184.9296472192305
2025-12-05 00:00:00-05:00,352.02069060429454,320.5539265049078,184.97552724633485
2025-12-08 00:00:00-05:00,353.9804024601982,322.0758266880242,185.27777528756573
2025-12-09 00:00:00-05:00,355.15522376229086,322.68936657453617,184.34948776822054
2025-12-10 00:00:00-05:00,355.9797026868384,323.4965297983003,184.1902712773256
2025-12-11 00:00:00-05:00,354.32536183996694,321.79811062517996,184.88648477663762
2025-12-12 00:00:00-05:00,350.72935392934636,318.04736829853516,185.7041387292409
2025-12-15 00:00:00-05:00,345.66476393895715,312.85902970502497,185.04839089273878
2025-12-16 00:00:00-05:00,339.0864231111095,306.308821695232,183.29165863390173
2025-12-17 00:00:00-05:00,340.1574588412949,307.3782235305,183.46975473737712
2025-12-18 00:00:00-05:00,335.9500955608231,303.14667974735806,182.85178788969856
2025-12-19 00:00:00-05:00,336.7226715017306,303.9036505084551,183.1187590964708
2025-12-22 00:00:00-05:00,347.7571006402618,314.66067670955573,185.10802971546414
2025-12-23 00:00:00-05:00,347.32576087003275,314.19798766904415,185.1026059955855
2025-12-24 00:00:00-05:00,354.2929793720271,321.13776452156543,186.19333122977898
2025-12-26 00:00:00-05:00,355.97880959331735,322.8019981551614,186.9213770085601
2025-12-29 00:00:00-05:00,352.7566401735173,319.56735643880205,186.082357368056
2025-12-30 00:00:00-05:00,354.1776121303153,320.9836426725505,186.0580167507249
2025-12-31 00:00:00-05:00,355.20906379188665,322.0113824356678,185.97411390753632
2026-01-02 00:00:00-05:00,356.3453043259582,322.0113824356678,185.58708339071393
2026-01-05 00:00:00-05:00,360.63115044619093,325.4074792474104,185.81171114617743
2026-01-06 00:00:00-05:00,359.5948629741132,324.7401963469352,186.18790983915153
2026-01-07 00:00:00-05:00,357.8420709547701,323.43197764642963,187.34088751425048
2026-01-08 00:00:00-05:00,363.3681445225575,327.61667750503057,186.42879792413115
2026-01-09 00:00:00-05:00,358.2211596719282,323.1740889389493,186.91866431911055
2026-01-12 00:00:00-05:00,359.4853014120354,324.23320793294033,186.93220399587727
2026-01-13 00:00:00-05:00,366.296580492042,329.76376426419546,188.2340271022364
2026-01-14 00:00:00-05:00,364.8176451970306,328.3909619183661,187.0188106889012
2026-01-15 00:00:00-05:00,368.9469972406215,331.96788356820906,187.9850296172057
2026-01-16 00:00:00-05:00,370.91405769039807,333.8058083258661,187.73873127179354
2026-01-20 00:00:00-05:00,360.79098222161696,325.11078495628107,184.444926521715
2026-01-21 00:00:00-05:00,356.77374272467637,321.7730270816591,183.94693996903877
2026-01-22 00:00:00-05:00,366.4258385260065,329.73977274599457,186.70756411021463
2026-01-23 00:00:00-05:00,367.35047088306413,331.24866551320866,186.24745917855762
2026-01-26 00:00:00-05:00,365.3600870725528,329.1294164607408,186.8807727762492
2026-01-27 00:00:00-05:00,367.78033468528656,330.3594725081072,187.8794727679017
2026-01-28 00:00:00-05:00,374.0419196244594,335.6646407977778,188.65623347339874
2026-01-29 00:00:00-05:00,376.35005441823694,337.9920562421641,188.47761904136547
2026-01-30 00:00:00-05:00,375.84883803512935,337.681523694983,187.2326152464131
2026-02-02 00:00:00-05:00,372.3062655715092,334.38653050319385,186.634498696215
2026-02-03 00:00:00-05:00,378.83509442321207,339.89105601274326,188.4288999885952
2026-02-04 00:00:00-05:00,368.6449489832375,331.39543638453534,186.8428806081085
2026-02-05 00:00:00-05:00,352.1228004539719,317.3991203051298,184.29608564873618
2026-02-06 00:00:00-05:00,359.80371289753054,323.2656337484263,184.43681382241837
2026-02-09 00:00:00-05:00,366.931740976093,328.88505141895166,186.5911830995721
2026-02-10 00:00:00-05:00,376.21435137512265,336.8282894299749,188.0878718539134
2026-02-11 00:00:00-05:00,375.7146219951182,336.300932836827,188.47762215134796
2026-02-12 00:00:00-05:00,373.7775125612881,334.8430657132609,187.89571882827832
2026-02-13 00:00:00-05:00,366.9684552850913,329.4780174129913,184.4990610390916
2026-02-17 00:00:00-05:00,360.3803471316885,324.4009309513482,184.07955900825615
2026-02-18 00:00:00-05:00,368.54501700986805,330.97288319022755,185.12968873672438
2026-02-19 00:00:00-05:00,367.4955095404069,329.745065315478,185.08096111808365
2026-02-20 00:00:00-05:00,368.81727823709105,330.7730802514688,184.6695831440598
2026-02-23 00:00:00-05:00,375.7707243827534,335.7260249412438,186.16086230191098
2026-02-24 00:00:00-05:00,372.5680811105698,333.5671484712394,184.5559015729881
2026-02-25 00:00:00-05:00,377.0404777799982,337.144325021248,186.79688435888846
2026-02-26 00:00:00-05:00,374.7371921562319,334.87652805377576,187.63589449432558
2026-02-27 00:00:00-05:00,359.50899128431126,322.32135808662207,184.8779802967385
2026-03-02 00:00:00-05:00,358.51455213428665,321.7623503115446,183.68983159966967
2026-03-03 00:00:00-05:00,360.1441591360852,323.201792866651,182.70466395178258
2026-03-04 00:00:00-05:00,361.938264958365,323.9145366862633,184.48281988350703
2026-03-05 00:00:00-05:00,363.47662558574405,324.30289534060563,184.60462437292543
2026-03-06 00:00:00-05:00,359.9646610459055,321.8191897219923,182.25807320949147
2026-03-09 00:00:00-04:00,358.4257625566703,320.3864954230275,180.35813851009593
2026-03-10 00:00:00-04:00,367.08201475106296,326.27115846668954,183.42457509121857
2026-03-11 00:00:00-04:00,367.94471570466106,326.9089020193394,183.38669789803924
2026-03-12 00:00:00-04:00,366.5124162742476,325.58858052829817,181.64911147627552
2026-03-13 00:00:00-04:00,367.38643949246136,326.30658486194875,181.13760933245635
2026-03-16 00:00:00-04:00,362.48602101576677,321.9417301537204,180.89672328383423
2026-03-17 00:00:00-04:00,364.4910636438361,323.65501539877795,181.98202273709808
2026-03-18 00:00:00-04:00,362.16256230929156,321.30523206046956,180.89130274797702
2026-03-19 00:00:00-04:00,355.7836588214433,316.0797569769668,177.80860521956293
2026-03-20 00:00:00-04:00,356.56387659240943,315.98149322628376,178.16936988097223
2026-03-23 00:00:00-04:00,354.04045820730784,313.4420872387988,178.5927355233784
2026-03-24 00:00:00-04:00,349.02238054997605,308.8158041144445,176.76086208838552
2026-03-25 00:00:00-04:00,350.0670678356975,310.15245603730676,178.75556209190034
2026-03-26 00:00:00-04:00,347.242289160939,309.2959995842146,176.96168704431227
2026-03-27 00:00:00-04:00,339.4951126717437,304.6069202268394,174.36721214561825
2026-03-30 00:00:00-04:00,336.51618738881064,302.9170071151308,173.71858927988248
2026-03-31 00:00:00-04:00,333.4335695386798,299.4415866130907,173.40106918914014
2026-04-01 00:00:00-04:00,346.94015768166616,307.49698332930836,177.4610494615281
